"rank","podcast","date"
1,"More or Less: Behind the Stats",2025-09-18 03:06:46.618297
2,"Casual Inference",2025-09-18 03:06:46.618297
3,"Opinionated History of Mathematics",2025-09-18 03:06:46.618297
4,"The Art of Mathematics",2025-09-18 03:06:46.618297
5,"My Favorite Theorem",2025-09-18 03:06:46.618297
6,"Breaking Math Podcast",2025-09-18 03:06:46.618297
7,"The Cartesian Cafe",2025-09-18 03:06:46.618297
8,"Carry the Two",2025-09-18 03:06:46.618297
9,"Data Science Decoded",2025-09-18 03:06:46.618297
10,"Making Number Sense Make Sense: A Math Podcast for Early Elementary Teachers",2025-09-18 03:06:46.618297
11,"Ten Minute Math",2025-09-18 03:06:46.618297
12,"The Math Club",2025-09-18 03:06:46.618297
13,"The Structural Engineering Podcast",2025-09-18 03:06:46.618297
1,"More or Less: Behind the Stats",2025-09-17 03:04:40.353527
2,"Casual Inference",2025-09-17 03:04:40.353527
3,"Opinionated History of Mathematics",2025-09-17 03:04:40.353527
4,"The Art of Mathematics",2025-09-17 03:04:40.353527
5,"My Favorite Theorem",2025-09-17 03:04:40.353527
6,"Breaking Math Podcast",2025-09-17 03:04:40.353527
7,"The Cartesian Cafe",2025-09-17 03:04:40.353527
8,"Carry the Two",2025-09-17 03:04:40.353527
9,"Data Science Decoded",2025-09-17 03:04:40.353527
10,"Making Number Sense Make Sense: A Math Podcast for Early Elementary Teachers",2025-09-17 03:04:40.353527
11,"Ten Minute Math",2025-09-17 03:04:40.353527
12,"The Math Club",2025-09-17 03:04:40.353527
13,"The Structural Engineering Podcast",2025-09-17 03:04:40.353527
1,"More or Less: Behind the Stats",2025-09-16 03:05:25.593924
2,"Casual Inference",2025-09-16 03:05:25.593924
3,"Opinionated History of Mathematics",2025-09-16 03:05:25.593924
4,"The Art of Mathematics",2025-09-16 03:05:25.593924
5,"My Favorite Theorem",2025-09-16 03:05:25.593924
6,"Breaking Math Podcast",2025-09-16 03:05:25.593924
7,"The Cartesian Cafe",2025-09-16 03:05:25.593924
8,"Carry the Two",2025-09-16 03:05:25.593924
9,"Data Science Decoded",2025-09-16 03:05:25.593924
10,"Making Number Sense Make Sense: A Math Podcast for Early Elementary Teachers",2025-09-16 03:05:25.593924
11,"Ten Minute Math",2025-09-16 03:05:25.593924
12,"The Math Club",2025-09-16 03:05:25.593924
13,"The Structural Engineering Podcast",2025-09-16 03:05:25.593924
1,"More or Less: Behind the Stats",2025-09-15 03:14:37.888428
2,"Casual Inference",2025-09-15 03:14:37.888428
3,"Opinionated History of Mathematics",2025-09-15 03:14:37.888428
4,"The Art of Mathematics",2025-09-15 03:14:37.888428
5,"My Favorite Theorem",2025-09-15 03:14:37.888428
6,"Breaking Math Podcast",2025-09-15 03:14:37.888428
7,"The Cartesian Cafe",2025-09-15 03:14:37.888428
8,"Carry the Two",2025-09-15 03:14:37.888428
9,"Data Science Decoded",2025-09-15 03:14:37.888428
10,"Making Number Sense Make Sense: A Math Podcast for Early Elementary Teachers",2025-09-15 03:14:37.888428
11,"Ten Minute Math",2025-09-15 03:14:37.888428
12,"The Math Club",2025-09-15 03:14:37.888428
13,"The Structural Engineering Podcast",2025-09-15 03:14:37.888428
1,"More or Less: Behind the Stats",2025-09-14 03:09:16.489122
2,"Casual Inference",2025-09-14 03:09:16.489122
3,"Opinionated History of Mathematics",2025-09-14 03:09:16.489122
4,"The Art of Mathematics",2025-09-14 03:09:16.489122
5,"My Favorite Theorem",2025-09-14 03:09:16.489122
6,"Breaking Math Podcast",2025-09-14 03:09:16.489122
7,"The Cartesian Cafe",2025-09-14 03:09:16.489122
8,"Carry the Two",2025-09-14 03:09:16.489122
9,"Data Science Decoded",2025-09-14 03:09:16.489122
10,"Making Number Sense Make Sense: A Math Podcast for Early Elementary Teachers",2025-09-14 03:09:16.489122
11,"Ten Minute Math",2025-09-14 03:09:16.489122
12,"The Math Club",2025-09-14 03:09:16.489122
13,"The Structural Engineering Podcast",2025-09-14 03:09:16.489122
1,"More or Less: Behind the Stats",2025-09-13 02:53:37.422679
2,"Casual Inference",2025-09-13 02:53:37.422679
3,"Opinionated History of Mathematics",2025-09-13 02:53:37.422679
4,"The Art of Mathematics",2025-09-13 02:53:37.422679
5,"My Favorite Theorem",2025-09-13 02:53:37.422679
6,"Breaking Math Podcast",2025-09-13 02:53:37.422679
7,"The Cartesian Cafe",2025-09-13 02:53:37.422679
8,"Carry the Two",2025-09-13 02:53:37.422679
9,"Data Science Decoded",2025-09-13 02:53:37.422679
10,"Making Number Sense Make Sense: A Math Podcast for Early Elementary Teachers",2025-09-13 02:53:37.422679
11,"Ten Minute Math",2025-09-13 02:53:37.422679
12,"The Math Club",2025-09-13 02:53:37.422679
13,"The Structural Engineering Podcast",2025-09-13 02:53:37.422679
1,"More or Less: Behind the Stats",2025-09-12 03:05:58.194236
2,"Casual Inference",2025-09-12 03:05:58.194236
3,"Opinionated History of Mathematics",2025-09-12 03:05:58.194236
4,"The Art of Mathematics",2025-09-12 03:05:58.194236
5,"My Favorite Theorem",2025-09-12 03:05:58.194236
6,"Breaking Math Podcast",2025-09-12 03:05:58.194236
7,"The Cartesian Cafe",2025-09-12 03:05:58.194236
8,"Carry the Two",2025-09-12 03:05:58.194236
9,"Data Science Decoded",2025-09-12 03:05:58.194236
10,"Making Number Sense Make Sense: A Math Podcast for Early Elementary Teachers",2025-09-12 03:05:58.194236
11,"Ten Minute Math",2025-09-12 03:05:58.194236
12,"The Math Club",2025-09-12 03:05:58.194236
13,"The Structural Engineering Podcast",2025-09-12 03:05:58.194236
1,"More or Less: Behind the Stats",2025-09-11 03:08:50.425782
2,"Casual Inference",2025-09-11 03:08:50.425782
3,"Opinionated History of Mathematics",2025-09-11 03:08:50.425782
4,"The Art of Mathematics",2025-09-11 03:08:50.425782
5,"My Favorite Theorem",2025-09-11 03:08:50.425782
6,"Breaking Math Podcast",2025-09-11 03:08:50.425782
7,"The Cartesian Cafe",2025-09-11 03:08:50.425782
8,"Carry the Two",2025-09-11 03:08:50.425782
9,"Data Science Decoded",2025-09-11 03:08:50.425782
10,"Making Number Sense Make Sense: A Math Podcast for Early Elementary Teachers",2025-09-11 03:08:50.425782
11,"Ten Minute Math",2025-09-11 03:08:50.425782
12,"The Math Club",2025-09-11 03:08:50.425782
13,"The Structural Engineering Podcast",2025-09-11 03:08:50.425782
1,"More or Less: Behind the Stats",2025-09-10 03:04:15.586832
2,"Casual Inference",2025-09-10 03:04:15.586832
3,"Opinionated History of Mathematics",2025-09-10 03:04:15.586832
4,"The Art of Mathematics",2025-09-10 03:04:15.586832
5,"My Favorite Theorem",2025-09-10 03:04:15.586832
6,"Breaking Math Podcast",2025-09-10 03:04:15.586832
7,"The Cartesian Cafe",2025-09-10 03:04:15.586832
8,"Carry the Two",2025-09-10 03:04:15.586832
9,"Data Science Decoded",2025-09-10 03:04:15.586832
10,"Making Number Sense Make Sense: A Math Podcast for Early Elementary Teachers",2025-09-10 03:04:15.586832
11,"Ten Minute Math",2025-09-10 03:04:15.586832
12,"The Math Club",2025-09-10 03:04:15.586832
13,"The Structural Engineering Podcast",2025-09-10 03:04:15.586832
1,"More or Less: Behind the Stats",2025-09-09 03:08:34.297821
2,"Casual Inference",2025-09-09 03:08:34.297821
3,"Opinionated History of Mathematics",2025-09-09 03:08:34.297821
4,"The Art of Mathematics",2025-09-09 03:08:34.297821
5,"My Favorite Theorem",2025-09-09 03:08:34.297821
6,"Breaking Math Podcast",2025-09-09 03:08:34.297821
7,"The Cartesian Cafe",2025-09-09 03:08:34.297821
8,"Carry the Two",2025-09-09 03:08:34.297821
9,"Data Science Decoded",2025-09-09 03:08:34.297821
10,"Making Number Sense Make Sense: A Math Podcast for Early Elementary Teachers",2025-09-09 03:08:34.297821
11,"Ten Minute Math",2025-09-09 03:08:34.297821
12,"The Math Club",2025-09-09 03:08:34.297821
13,"The Structural Engineering Podcast",2025-09-09 03:08:34.297821
1,"More or Less: Behind the Stats",2025-09-08 03:14:19.930183
2,"Casual Inference",2025-09-08 03:14:19.930183
3,"Opinionated History of Mathematics",2025-09-08 03:14:19.930183
4,"The Art of Mathematics",2025-09-08 03:14:19.930183
5,"My Favorite Theorem",2025-09-08 03:14:19.930183
6,"Breaking Math Podcast",2025-09-08 03:14:19.930183
7,"The Cartesian Cafe",2025-09-08 03:14:19.930183
8,"Carry the Two",2025-09-08 03:14:19.930183
9,"Data Science Decoded",2025-09-08 03:14:19.930183
10,"Making Number Sense Make Sense: A Math Podcast for Early Elementary Teachers",2025-09-08 03:14:19.930183
11,"Ten Minute Math",2025-09-08 03:14:19.930183
12,"The Math Club",2025-09-08 03:14:19.930183
13,"The Structural Engineering Podcast",2025-09-08 03:14:19.930183
1,"More or Less: Behind the Stats",2025-09-07 03:08:50.575085
2,"Breaking Math Podcast",2025-09-07 03:08:50.575085
3,"Casual Inference",2025-09-07 03:08:50.575085
4,"Opinionated History of Mathematics",2025-09-07 03:08:50.575085
5,"The Universe Speaks in Numbers",2025-09-07 03:08:50.575085
6,"The Art of Mathematics",2025-09-07 03:08:50.575085
7,"My Favorite Theorem",2025-09-07 03:08:50.575085
8,"The Structural Engineering Podcast",2025-09-07 03:08:50.575085
9,"Deep Papers",2025-09-07 03:08:50.575085
10,"Carry the Two",2025-09-07 03:08:50.575085
11,"Data Science Decoded",2025-09-07 03:08:50.575085
12,"Making Number Sense Make Sense: A Math Podcast for Early Elementary Teachers",2025-09-07 03:08:50.575085
13,"Ten Minute Math",2025-09-07 03:08:50.575085
1,"More or Less: Behind the Stats",2025-09-06 02:59:32.176726
2,"Breaking Math Podcast",2025-09-06 02:59:32.176726
3,"Casual Inference",2025-09-06 02:59:32.176726
4,"Opinionated History of Mathematics",2025-09-06 02:59:32.176726
5,"The Universe Speaks in Numbers",2025-09-06 02:59:32.176726
6,"The Art of Mathematics",2025-09-06 02:59:32.176726
7,"My Favorite Theorem",2025-09-06 02:59:32.176726
8,"The Structural Engineering Podcast",2025-09-06 02:59:32.176726
9,"Deep Papers",2025-09-06 02:59:32.176726
10,"Carry the Two",2025-09-06 02:59:32.176726
11,"Data Science Decoded",2025-09-06 02:59:32.176726
12,"Making Number Sense Make Sense: A Math Podcast for Early Elementary Teachers",2025-09-06 02:59:32.176726
13,"Ten Minute Math",2025-09-06 02:59:32.176726
1,"More or Less: Behind the Stats",2025-09-05 03:09:28.639815
2,"Brother, Mine - An Audio Drama",2025-09-05 03:09:28.639815
3,"Casual Inference",2025-09-05 03:09:28.639815
4,"Opinionated History of Mathematics",2025-09-05 03:09:28.639815
5,"The Universe Speaks in Numbers",2025-09-05 03:09:28.639815
6,"The Art of Mathematics",2025-09-05 03:09:28.639815
7,"My Favorite Theorem",2025-09-05 03:09:28.639815
8,"The Structural Engineering Podcast",2025-09-05 03:09:28.639815
9,"Deep Papers",2025-09-05 03:09:28.639815
10,"Carry the Two",2025-09-05 03:09:28.639815
11,"Data Science Decoded",2025-09-05 03:09:28.639815
12,"Making Number Sense Make Sense: A Math Podcast for Early Elementary Teachers",2025-09-05 03:09:28.639815
13,"Ten Minute Math",2025-09-05 03:09:28.639815
1,"More or Less: Behind the Stats",2025-09-04 03:03:26.246454
2,"Brother, Mine - An Audio Drama",2025-09-04 03:03:26.246454
3,"Casual Inference",2025-09-04 03:03:26.246454
4,"Opinionated History of Mathematics",2025-09-04 03:03:26.246454
5,"The Universe Speaks in Numbers",2025-09-04 03:03:26.246454
6,"The Art of Mathematics",2025-09-04 03:03:26.246454
7,"My Favorite Theorem",2025-09-04 03:03:26.246454
8,"The Structural Engineering Podcast",2025-09-04 03:03:26.246454
9,"Deep Papers",2025-09-04 03:03:26.246454
10,"Carry the Two",2025-09-04 03:03:26.246454
11,"Data Science Decoded",2025-09-04 03:03:26.246454
12,"Making Number Sense Make Sense: A Math Podcast for Early Elementary Teachers",2025-09-04 03:03:26.246454
13,"Ten Minute Math",2025-09-04 03:03:26.246454
1,"More or Less: Behind the Stats",2025-09-03 03:03:40.479933
2,"Brother, Mine - An Audio Drama",2025-09-03 03:03:40.479933
3,"Casual Inference",2025-09-03 03:03:40.479933
4,"Opinionated History of Mathematics",2025-09-03 03:03:40.479933
5,"The Universe Speaks in Numbers",2025-09-03 03:03:40.479933
6,"The Art of Mathematics",2025-09-03 03:03:40.479933
7,"My Favorite Theorem",2025-09-03 03:03:40.479933
8,"The Structural Engineering Podcast",2025-09-03 03:03:40.479933
9,"Deep Papers",2025-09-03 03:03:40.479933
10,"Carry the Two",2025-09-03 03:03:40.479933
11,"Data Science Decoded",2025-09-03 03:03:40.479933
12,"Making Number Sense Make Sense: A Math Podcast for Early Elementary Teachers",2025-09-03 03:03:40.479933
13,"Ten Minute Math",2025-09-03 03:03:40.479933
1,"More or Less: Behind the Stats",2025-09-02 03:12:09.741271
2,"Brother, Mine - An Audio Drama",2025-09-02 03:12:09.741271
3,"Casual Inference",2025-09-02 03:12:09.741271
4,"Opinionated History of Mathematics",2025-09-02 03:12:09.741271
5,"The Universe Speaks in Numbers",2025-09-02 03:12:09.741271
6,"The Art of Mathematics",2025-09-02 03:12:09.741271
7,"My Favorite Theorem",2025-09-02 03:12:09.741271
8,"The Structural Engineering Podcast",2025-09-02 03:12:09.741271
9,"Deep Papers",2025-09-02 03:12:09.741271
10,"Carry the Two",2025-09-02 03:12:09.741271
11,"Data Science Decoded",2025-09-02 03:12:09.741271
12,"Making Number Sense Make Sense: A Math Podcast for Early Elementary Teachers",2025-09-02 03:12:09.741271
13,"Ten Minute Math",2025-09-02 03:12:09.741271
1,"More or Less: Behind the Stats",2025-09-01 03:27:32.033707
2,"Brother, Mine - An Audio Drama",2025-09-01 03:27:32.033707
3,"Casual Inference",2025-09-01 03:27:32.033707
4,"Opinionated History of Mathematics",2025-09-01 03:27:32.033707
5,"The Universe Speaks in Numbers",2025-09-01 03:27:32.033707
6,"The Art of Mathematics",2025-09-01 03:27:32.033707
7,"My Favorite Theorem",2025-09-01 03:27:32.033707
8,"The Structural Engineering Podcast",2025-09-01 03:27:32.033707
9,"Deep Papers",2025-09-01 03:27:32.033707
10,"Carry the Two",2025-09-01 03:27:32.033707
11,"Data Science Decoded",2025-09-01 03:27:32.033707
12,"Making Number Sense Make Sense: A Math Podcast for Early Elementary Teachers",2025-09-01 03:27:32.033707
13,"Ten Minute Math",2025-09-01 03:27:32.033707
1,"More or Less: Behind the Stats",2025-08-31 03:13:41.803827
2,"Brother, Mine - An Audio Drama",2025-08-31 03:13:41.803827
3,"Casual Inference",2025-08-31 03:13:41.803827
4,"Opinionated History of Mathematics",2025-08-31 03:13:41.803827
5,"The Universe Speaks in Numbers",2025-08-31 03:13:41.803827
6,"The Art of Mathematics",2025-08-31 03:13:41.803827
7,"My Favorite Theorem",2025-08-31 03:13:41.803827
8,"The Structural Engineering Podcast",2025-08-31 03:13:41.803827
9,"Deep Papers",2025-08-31 03:13:41.803827
10,"Carry the Two",2025-08-31 03:13:41.803827
11,"Data Science Decoded",2025-08-31 03:13:41.803827
12,"Making Number Sense Make Sense: A Math Podcast for Early Elementary Teachers",2025-08-31 03:13:41.803827
13,"Ten Minute Math",2025-08-31 03:13:41.803827
1,"More or Less: Behind the Stats",2025-08-30 03:02:16.667531
2,"Brother, Mine - An Audio Drama",2025-08-30 03:02:16.667531
3,"Casual Inference",2025-08-30 03:02:16.667531
4,"Opinionated History of Mathematics",2025-08-30 03:02:16.667531
5,"The Universe Speaks in Numbers",2025-08-30 03:02:16.667531
6,"The Art of Mathematics",2025-08-30 03:02:16.667531
7,"My Favorite Theorem",2025-08-30 03:02:16.667531
8,"The Structural Engineering Podcast",2025-08-30 03:02:16.667531
9,"Deep Papers",2025-08-30 03:02:16.667531
10,"Carry the Two",2025-08-30 03:02:16.667531
11,"Data Science Decoded",2025-08-30 03:02:16.667531
12,"Making Number Sense Make Sense: A Math Podcast for Early Elementary Teachers",2025-08-30 03:02:16.667531
13,"Ten Minute Math",2025-08-30 03:02:16.667531
1,"More or Less: Behind the Stats",2025-08-29 03:10:31.775402
2,"Brother, Mine - An Audio Drama",2025-08-29 03:10:31.775402
3,"Casual Inference",2025-08-29 03:10:31.775402
4,"Opinionated History of Mathematics",2025-08-29 03:10:31.775402
5,"The Universe Speaks in Numbers",2025-08-29 03:10:31.775402
6,"The Art of Mathematics",2025-08-29 03:10:31.775402
7,"My Favorite Theorem",2025-08-29 03:10:31.775402
8,"The Structural Engineering Podcast",2025-08-29 03:10:31.775402
9,"Deep Papers",2025-08-29 03:10:31.775402
10,"Carry the Two",2025-08-29 03:10:31.775402
11,"Data Science Decoded",2025-08-29 03:10:31.775402
12,"Making Number Sense Make Sense: A Math Podcast for Early Elementary Teachers",2025-08-29 03:10:31.775402
13,"Ten Minute Math",2025-08-29 03:10:31.775402
1,"More or Less: Behind the Stats",2025-08-28 03:13:30.083796
2,"Brother, Mine - An Audio Drama",2025-08-28 03:13:30.083796
3,"Casual Inference",2025-08-28 03:13:30.083796
4,"Opinionated History of Mathematics",2025-08-28 03:13:30.083796
5,"The Universe Speaks in Numbers",2025-08-28 03:13:30.083796
6,"The Art of Mathematics",2025-08-28 03:13:30.083796
7,"My Favorite Theorem",2025-08-28 03:13:30.083796
8,"The Structural Engineering Podcast",2025-08-28 03:13:30.083796
9,"Deep Papers",2025-08-28 03:13:30.083796
10,"Carry the Two",2025-08-28 03:13:30.083796
11,"Data Science Decoded",2025-08-28 03:13:30.083796
12,"Making Number Sense Make Sense: A Math Podcast for Early Elementary Teachers",2025-08-28 03:13:30.083796
13,"Ten Minute Math",2025-08-28 03:13:30.083796
1,"More or Less: Behind the Stats",2025-08-27 03:09:34.806155
2,"Brother, Mine - An Audio Drama",2025-08-27 03:09:34.806155
3,"Casual Inference",2025-08-27 03:09:34.806155
4,"Opinionated History of Mathematics",2025-08-27 03:09:34.806155
5,"The Universe Speaks in Numbers",2025-08-27 03:09:34.806155
6,"The Art of Mathematics",2025-08-27 03:09:34.806155
7,"My Favorite Theorem",2025-08-27 03:09:34.806155
8,"The Structural Engineering Podcast",2025-08-27 03:09:34.806155
9,"Deep Papers",2025-08-27 03:09:34.806155
10,"Carry the Two",2025-08-27 03:09:34.806155
11,"Data Science Decoded",2025-08-27 03:09:34.806155
12,"Making Number Sense Make Sense: A Math Podcast for Early Elementary Teachers",2025-08-27 03:09:34.806155
13,"Ten Minute Math",2025-08-27 03:09:34.806155
1,"More or Less: Behind the Stats",2025-08-26 03:16:28.468919
2,"Brother, Mine - An Audio Drama",2025-08-26 03:16:28.468919
3,"Casual Inference",2025-08-26 03:16:28.468919
4,"Opinionated History of Mathematics",2025-08-26 03:16:28.468919
5,"The Universe Speaks in Numbers",2025-08-26 03:16:28.468919
6,"The Art of Mathematics",2025-08-26 03:16:28.468919
7,"My Favorite Theorem",2025-08-26 03:16:28.468919
8,"The Structural Engineering Podcast",2025-08-26 03:16:28.468919
9,"Deep Papers",2025-08-26 03:16:28.468919
10,"Carry the Two",2025-08-26 03:16:28.468919
11,"Data Science Decoded",2025-08-26 03:16:28.468919
12,"Making Number Sense Make Sense: A Math Podcast for Early Elementary Teachers",2025-08-26 03:16:28.468919
13,"Ten Minute Math",2025-08-26 03:16:28.468919
1,"More or Less: Behind the Stats",2025-08-25 03:22:53.369971
2,"Breaking Math Podcast",2025-08-25 03:22:53.369971
3,"Opinionated History of Mathematics",2025-08-25 03:22:53.369971
4,"Casual Inference",2025-08-25 03:22:53.369971
5,"My Favorite Theorem",2025-08-25 03:22:53.369971
6,"The Art of Mathematics",2025-08-25 03:22:53.369971
7,"Carry the Two",2025-08-25 03:22:53.369971
8,"The Universe Speaks in Numbers",2025-08-25 03:22:53.369971
9,"Making Number Sense Make Sense: A Math Podcast for Early Elementary Teachers",2025-08-25 03:22:53.369971
10,"Deep Papers",2025-08-25 03:22:53.369971
11,"Practical Significance",2025-08-25 03:22:53.369971
12,"Data Science Decoded",2025-08-25 03:22:53.369971
13,"Math! Science! History!",2025-08-25 03:22:53.369971
1,"More or Less: Behind the Stats",2025-08-24 03:24:25.948897
2,"Breaking Math Podcast",2025-08-24 03:24:25.948897
3,"Opinionated History of Mathematics",2025-08-24 03:24:25.948897
4,"Casual Inference",2025-08-24 03:24:25.948897
5,"My Favorite Theorem",2025-08-24 03:24:25.948897
6,"The Art of Mathematics",2025-08-24 03:24:25.948897
7,"Carry the Two",2025-08-24 03:24:25.948897
8,"The Universe Speaks in Numbers",2025-08-24 03:24:25.948897
9,"Making Number Sense Make Sense: A Math Podcast for Early Elementary Teachers",2025-08-24 03:24:25.948897
10,"Deep Papers",2025-08-24 03:24:25.948897
11,"Practical Significance",2025-08-24 03:24:25.948897
12,"Data Science Decoded",2025-08-24 03:24:25.948897
13,"Math! Science! History!",2025-08-24 03:24:25.948897
1,"More or Less: Behind the Stats",2025-08-23 03:10:20.639072
2,"Breaking Math Podcast",2025-08-23 03:10:20.639072
3,"Opinionated History of Mathematics",2025-08-23 03:10:20.639072
4,"Casual Inference",2025-08-23 03:10:20.639072
5,"My Favorite Theorem",2025-08-23 03:10:20.639072
6,"The Art of Mathematics",2025-08-23 03:10:20.639072
7,"Carry the Two",2025-08-23 03:10:20.639072
8,"The Universe Speaks in Numbers",2025-08-23 03:10:20.639072
9,"Making Number Sense Make Sense: A Math Podcast for Early Elementary Teachers",2025-08-23 03:10:20.639072
10,"Deep Papers",2025-08-23 03:10:20.639072
11,"Practical Significance",2025-08-23 03:10:20.639072
12,"Data Science Decoded",2025-08-23 03:10:20.639072
13,"Math! Science! History!",2025-08-23 03:10:20.639072
1,"More or Less: Behind the Stats",2025-08-22 03:14:00.397601
2,"Breaking Math Podcast",2025-08-22 03:14:00.397601
3,"Opinionated History of Mathematics",2025-08-22 03:14:00.397601
4,"Casual Inference",2025-08-22 03:14:00.397601
5,"My Favorite Theorem",2025-08-22 03:14:00.397601
6,"The Art of Mathematics",2025-08-22 03:14:00.397601
7,"Carry the Two",2025-08-22 03:14:00.397601
8,"The Universe Speaks in Numbers",2025-08-22 03:14:00.397601
9,"Making Number Sense Make Sense: A Math Podcast for Early Elementary Teachers",2025-08-22 03:14:00.397601
10,"Deep Papers",2025-08-22 03:14:00.397601
11,"Practical Significance",2025-08-22 03:14:00.397601
12,"Data Science Decoded",2025-08-22 03:14:00.397601
13,"Math! Science! History!",2025-08-22 03:14:00.397601
1,"More or Less: Behind the Stats",2025-08-21 03:18:51.693649
2,"Breaking Math Podcast",2025-08-21 03:18:51.693649
3,"Casual Inference",2025-08-21 03:18:51.693649
4,"Opinionated History of Mathematics",2025-08-21 03:18:51.693649
5,"The Art of Mathematics",2025-08-21 03:18:51.693649
6,"My Favorite Theorem",2025-08-21 03:18:51.693649
7,"The Universe Speaks in Numbers",2025-08-21 03:18:51.693649
8,"Data Science Decoded",2025-08-21 03:18:51.693649
9,"Mathematics Simplified",2025-08-21 03:18:51.693649
10,"The Structural Engineering Podcast",2025-08-21 03:18:51.693649
11,"Making Number Sense Make Sense: A Math Podcast for Early Elementary Teachers",2025-08-21 03:18:51.693649
12,"The Math Club",2025-08-21 03:18:51.693649
13,"Carry the Two",2025-08-21 03:18:51.693649
1,"More or Less: Behind the Stats",2025-08-20 03:18:29.467642
2,"Breaking Math Podcast",2025-08-20 03:18:29.467642
3,"Casual Inference",2025-08-20 03:18:29.467642
4,"Opinionated History of Mathematics",2025-08-20 03:18:29.467642
5,"The Art of Mathematics",2025-08-20 03:18:29.467642
6,"My Favorite Theorem",2025-08-20 03:18:29.467642
7,"The Universe Speaks in Numbers",2025-08-20 03:18:29.467642
8,"Data Science Decoded",2025-08-20 03:18:29.467642
9,"Mathematics Simplified",2025-08-20 03:18:29.467642
10,"The Structural Engineering Podcast",2025-08-20 03:18:29.467642
11,"Making Number Sense Make Sense: A Math Podcast for Early Elementary Teachers",2025-08-20 03:18:29.467642
12,"The Math Club",2025-08-20 03:18:29.467642
13,"Carry the Two",2025-08-20 03:18:29.467642
1,"More or Less: Behind the Stats",2025-08-19 03:17:06.727672
2,"Breaking Math Podcast",2025-08-19 03:17:06.727672
3,"Casual Inference",2025-08-19 03:17:06.727672
4,"Opinionated History of Mathematics",2025-08-19 03:17:06.727672
5,"The Art of Mathematics",2025-08-19 03:17:06.727672
6,"My Favorite Theorem",2025-08-19 03:17:06.727672
7,"The Universe Speaks in Numbers",2025-08-19 03:17:06.727672
8,"Data Science Decoded",2025-08-19 03:17:06.727672
9,"Mathematics Simplified",2025-08-19 03:17:06.727672
10,"The Structural Engineering Podcast",2025-08-19 03:17:06.727672
11,"Making Number Sense Make Sense: A Math Podcast for Early Elementary Teachers",2025-08-19 03:17:06.727672
12,"The Math Club",2025-08-19 03:17:06.727672
13,"Carry the Two",2025-08-19 03:17:06.727672
1,"More or Less: Behind the Stats",2025-08-18 03:44:39.753767
2,"Breaking Math Podcast",2025-08-18 03:44:39.753767
3,"Casual Inference",2025-08-18 03:44:39.753767
4,"Opinionated History of Mathematics",2025-08-18 03:44:39.753767
5,"The Art of Mathematics",2025-08-18 03:44:39.753767
6,"My Favorite Theorem",2025-08-18 03:44:39.753767
7,"The Universe Speaks in Numbers",2025-08-18 03:44:39.753767
8,"Data Science Decoded",2025-08-18 03:44:39.753767
9,"Mathematics Simplified",2025-08-18 03:44:39.753767
10,"The Structural Engineering Podcast",2025-08-18 03:44:39.753767
11,"Making Number Sense Make Sense: A Math Podcast for Early Elementary Teachers",2025-08-18 03:44:39.753767
12,"The Math Club",2025-08-18 03:44:39.753767
13,"Carry the Two",2025-08-18 03:44:39.753767
1,"More or Less: Behind the Stats",2025-08-17 03:39:10.703846
2,"Breaking Math Podcast",2025-08-17 03:39:10.703846
3,"Casual Inference",2025-08-17 03:39:10.703846
4,"Opinionated History of Mathematics",2025-08-17 03:39:10.703846
5,"The Art of Mathematics",2025-08-17 03:39:10.703846
6,"My Favorite Theorem",2025-08-17 03:39:10.703846
7,"The Universe Speaks in Numbers",2025-08-17 03:39:10.703846
8,"Data Science Decoded",2025-08-17 03:39:10.703846
9,"Mathematics Simplified",2025-08-17 03:39:10.703846
10,"The Structural Engineering Podcast",2025-08-17 03:39:10.703846
11,"Making Number Sense Make Sense: A Math Podcast for Early Elementary Teachers",2025-08-17 03:39:10.703846
12,"The Math Club",2025-08-17 03:39:10.703846
13,"Carry the Two",2025-08-17 03:39:10.703846
1,"More or Less: Behind the Stats",2025-08-16 03:20:54.803773
2,"Breaking Math Podcast",2025-08-16 03:20:54.803773
3,"Casual Inference",2025-08-16 03:20:54.803773
4,"Opinionated History of Mathematics",2025-08-16 03:20:54.803773
5,"The Art of Mathematics",2025-08-16 03:20:54.803773
6,"My Favorite Theorem",2025-08-16 03:20:54.803773
7,"The Universe Speaks in Numbers",2025-08-16 03:20:54.803773
8,"Data Science Decoded",2025-08-16 03:20:54.803773
9,"Mathematics Simplified",2025-08-16 03:20:54.803773
10,"The Structural Engineering Podcast",2025-08-16 03:20:54.803773
11,"Making Number Sense Make Sense: A Math Podcast for Early Elementary Teachers",2025-08-16 03:20:54.803773
12,"The Math Club",2025-08-16 03:20:54.803773
13,"Carry the Two",2025-08-16 03:20:54.803773
1,"More or Less: Behind the Stats",2025-08-15 03:27:06.750155
2,"Breaking Math Podcast",2025-08-15 03:27:06.750155
3,"Casual Inference",2025-08-15 03:27:06.750155
4,"Opinionated History of Mathematics",2025-08-15 03:27:06.750155
5,"The Art of Mathematics",2025-08-15 03:27:06.750155
6,"My Favorite Theorem",2025-08-15 03:27:06.750155
7,"The Universe Speaks in Numbers",2025-08-15 03:27:06.750155
8,"Data Science Decoded",2025-08-15 03:27:06.750155
9,"Mathematics Simplified",2025-08-15 03:27:06.750155
10,"The Structural Engineering Podcast",2025-08-15 03:27:06.750155
11,"Making Number Sense Make Sense: A Math Podcast for Early Elementary Teachers",2025-08-15 03:27:06.750155
12,"The Math Club",2025-08-15 03:27:06.750155
13,"Carry the Two",2025-08-15 03:27:06.750155
1,"More or Less: Behind the Stats",2025-08-14 03:26:35.227196
2,"Breaking Math Podcast",2025-08-14 03:26:35.227196
3,"Casual Inference",2025-08-14 03:26:35.227196
4,"Opinionated History of Mathematics",2025-08-14 03:26:35.227196
5,"The Art of Mathematics",2025-08-14 03:26:35.227196
6,"My Favorite Theorem",2025-08-14 03:26:35.227196
7,"The Universe Speaks in Numbers",2025-08-14 03:26:35.227196
8,"Data Science Decoded",2025-08-14 03:26:35.227196
9,"Mathematics Simplified",2025-08-14 03:26:35.227196
10,"The Structural Engineering Podcast",2025-08-14 03:26:35.227196
11,"Making Number Sense Make Sense: A Math Podcast for Early Elementary Teachers",2025-08-14 03:26:35.227196
12,"The Math Club",2025-08-14 03:26:35.227196
13,"Carry the Two",2025-08-14 03:26:35.227196
1,"More or Less: Behind the Stats",2025-08-13 03:25:38.555934
2,"Breaking Math Podcast",2025-08-13 03:25:38.555934
3,"Casual Inference",2025-08-13 03:25:38.555934
4,"Opinionated History of Mathematics",2025-08-13 03:25:38.555934
5,"The Art of Mathematics",2025-08-13 03:25:38.555934
6,"My Favorite Theorem",2025-08-13 03:25:38.555934
7,"The Universe Speaks in Numbers",2025-08-13 03:25:38.555934
8,"Data Science Decoded",2025-08-13 03:25:38.555934
9,"Mathematics Simplified",2025-08-13 03:25:38.555934
10,"The Structural Engineering Podcast",2025-08-13 03:25:38.555934
11,"Making Number Sense Make Sense: A Math Podcast for Early Elementary Teachers",2025-08-13 03:25:38.555934
12,"The Math Club",2025-08-13 03:25:38.555934
13,"Carry the Two",2025-08-13 03:25:38.555934
1,"More or Less: Behind the Stats",2025-08-12 03:24:15.494467
2,"Breaking Math Podcast",2025-08-12 03:24:15.494467
3,"Casual Inference",2025-08-12 03:24:15.494467
4,"Opinionated History of Mathematics",2025-08-12 03:24:15.494467
5,"The Art of Mathematics",2025-08-12 03:24:15.494467
6,"My Favorite Theorem",2025-08-12 03:24:15.494467
7,"The Universe Speaks in Numbers",2025-08-12 03:24:15.494467
8,"Data Science Decoded",2025-08-12 03:24:15.494467
9,"Mathematics Simplified",2025-08-12 03:24:15.494467
10,"The Structural Engineering Podcast",2025-08-12 03:24:15.494467
11,"Making Number Sense Make Sense: A Math Podcast for Early Elementary Teachers",2025-08-12 03:24:15.494467
12,"The Math Club",2025-08-12 03:24:15.494467
13,"Carry the Two",2025-08-12 03:24:15.494467
1,"More or Less: Behind the Stats",2025-08-11 03:48:21.470863
2,"Breaking Math Podcast",2025-08-11 03:48:21.470863
3,"Casual Inference",2025-08-11 03:48:21.470863
4,"Opinionated History of Mathematics",2025-08-11 03:48:21.470863
5,"The Art of Mathematics",2025-08-11 03:48:21.470863
6,"My Favorite Theorem",2025-08-11 03:48:21.470863
7,"The Universe Speaks in Numbers",2025-08-11 03:48:21.470863
8,"Data Science Decoded",2025-08-11 03:48:21.470863
9,"Mathematics Simplified",2025-08-11 03:48:21.470863
10,"The Structural Engineering Podcast",2025-08-11 03:48:21.470863
11,"Making Number Sense Make Sense: A Math Podcast for Early Elementary Teachers",2025-08-11 03:48:21.470863
12,"The Math Club",2025-08-11 03:48:21.470863
13,"Carry the Two",2025-08-11 03:48:21.470863
1,"More or Less: Behind the Stats",2025-08-10 03:49:07.506977
2,"Breaking Math Podcast",2025-08-10 03:49:07.506977
3,"Casual Inference",2025-08-10 03:49:07.506977
4,"Opinionated History of Mathematics",2025-08-10 03:49:07.506977
5,"The Art of Mathematics",2025-08-10 03:49:07.506977
6,"My Favorite Theorem",2025-08-10 03:49:07.506977
7,"The Universe Speaks in Numbers",2025-08-10 03:49:07.506977
8,"Data Science Decoded",2025-08-10 03:49:07.506977
9,"Mathematics Simplified",2025-08-10 03:49:07.506977
10,"The Structural Engineering Podcast",2025-08-10 03:49:07.506977
11,"Making Number Sense Make Sense: A Math Podcast for Early Elementary Teachers",2025-08-10 03:49:07.506977
12,"The Math Club",2025-08-10 03:49:07.506977
13,"Carry the Two",2025-08-10 03:49:07.506977
1,"More or Less: Behind the Stats",2025-08-09 03:26:39.475616
2,"Breaking Math Podcast",2025-08-09 03:26:39.475616
3,"Casual Inference",2025-08-09 03:26:39.475616
4,"Opinionated History of Mathematics",2025-08-09 03:26:39.475616
5,"The Art of Mathematics",2025-08-09 03:26:39.475616
6,"My Favorite Theorem",2025-08-09 03:26:39.475616
7,"The Universe Speaks in Numbers",2025-08-09 03:26:39.475616
8,"Data Science Decoded",2025-08-09 03:26:39.475616
9,"Mathematics Simplified",2025-08-09 03:26:39.475616
10,"The Structural Engineering Podcast",2025-08-09 03:26:39.475616
11,"Making Number Sense Make Sense: A Math Podcast for Early Elementary Teachers",2025-08-09 03:26:39.475616
12,"The Math Club",2025-08-09 03:26:39.475616
13,"Carry the Two",2025-08-09 03:26:39.475616
1,"More or Less: Behind the Stats",2025-08-08 03:49:31.230884
2,"Breaking Math Podcast",2025-08-08 03:49:31.230884
3,"Casual Inference",2025-08-08 03:49:31.230884
4,"Opinionated History of Mathematics",2025-08-08 03:49:31.230884
5,"The Art of Mathematics",2025-08-08 03:49:31.230884
6,"My Favorite Theorem",2025-08-08 03:49:31.230884
7,"The Universe Speaks in Numbers",2025-08-08 03:49:31.230884
8,"Data Science Decoded",2025-08-08 03:49:31.230884
9,"Mathematics Simplified",2025-08-08 03:49:31.230884
10,"The Structural Engineering Podcast",2025-08-08 03:49:31.230884
11,"Making Number Sense Make Sense: A Math Podcast for Early Elementary Teachers",2025-08-08 03:49:31.230884
12,"The Math Club",2025-08-08 03:49:31.230884
13,"Carry the Two",2025-08-08 03:49:31.230884
1,"More or Less: Behind the Stats",2025-08-07 03:51:13.932281
2,"Breaking Math Podcast",2025-08-07 03:51:13.932281
3,"Casual Inference",2025-08-07 03:51:13.932281
4,"Opinionated History of Mathematics",2025-08-07 03:51:13.932281
5,"The Art of Mathematics",2025-08-07 03:51:13.932281
6,"My Favorite Theorem",2025-08-07 03:51:13.932281
7,"The Universe Speaks in Numbers",2025-08-07 03:51:13.932281
8,"Data Science Decoded",2025-08-07 03:51:13.932281
9,"Mathematics Simplified",2025-08-07 03:51:13.932281
10,"The Structural Engineering Podcast",2025-08-07 03:51:13.932281
11,"Making Number Sense Make Sense: A Math Podcast for Early Elementary Teachers",2025-08-07 03:51:13.932281
12,"The Math Club",2025-08-07 03:51:13.932281
13,"Carry the Two",2025-08-07 03:51:13.932281
1,"More or Less: Behind the Stats",2025-08-06 03:51:57.581418
2,"Breaking Math Podcast",2025-08-06 03:51:57.581418
3,"Casual Inference",2025-08-06 03:51:57.581418
4,"Opinionated History of Mathematics",2025-08-06 03:51:57.581418
5,"The Art of Mathematics",2025-08-06 03:51:57.581418
6,"My Favorite Theorem",2025-08-06 03:51:57.581418
7,"The Universe Speaks in Numbers",2025-08-06 03:51:57.581418
8,"Data Science Decoded",2025-08-06 03:51:57.581418
9,"Mathematics Simplified",2025-08-06 03:51:57.581418
10,"The Structural Engineering Podcast",2025-08-06 03:51:57.581418
11,"Making Number Sense Make Sense: A Math Podcast for Early Elementary Teachers",2025-08-06 03:51:57.581418
12,"The Math Club",2025-08-06 03:51:57.581418
13,"Carry the Two",2025-08-06 03:51:57.581418
1,"More or Less: Behind the Stats",2025-08-05 03:52:45.40831
2,"Breaking Math Podcast",2025-08-05 03:52:45.40831
3,"Casual Inference",2025-08-05 03:52:45.40831
4,"Opinionated History of Mathematics",2025-08-05 03:52:45.40831
5,"The Art of Mathematics",2025-08-05 03:52:45.40831
6,"My Favorite Theorem",2025-08-05 03:52:45.40831
7,"The Universe Speaks in Numbers",2025-08-05 03:52:45.40831
8,"Data Science Decoded",2025-08-05 03:52:45.40831
9,"Mathematics Simplified",2025-08-05 03:52:45.40831
10,"The Structural Engineering Podcast",2025-08-05 03:52:45.40831
11,"Making Number Sense Make Sense: A Math Podcast for Early Elementary Teachers",2025-08-05 03:52:45.40831
12,"The Math Club",2025-08-05 03:52:45.40831
13,"Carry the Two",2025-08-05 03:52:45.40831
1,"More or Less: Behind the Stats",2025-08-04 04:00:50.25455
2,"Breaking Math Podcast",2025-08-04 04:00:50.25455
3,"Casual Inference",2025-08-04 04:00:50.25455
4,"Opinionated History of Mathematics",2025-08-04 04:00:50.25455
5,"The Art of Mathematics",2025-08-04 04:00:50.25455
6,"My Favorite Theorem",2025-08-04 04:00:50.25455
7,"The Universe Speaks in Numbers",2025-08-04 04:00:50.25455
8,"Data Science Decoded",2025-08-04 04:00:50.25455
9,"Mathematics Simplified",2025-08-04 04:00:50.25455
10,"The Structural Engineering Podcast",2025-08-04 04:00:50.25455
11,"Making Number Sense Make Sense: A Math Podcast for Early Elementary Teachers",2025-08-04 04:00:50.25455
12,"The Math Club",2025-08-04 04:00:50.25455
13,"Carry the Two",2025-08-04 04:00:50.25455
1,"More or Less: Behind the Stats",2025-08-03 03:55:56.104419
2,"Breaking Math Podcast",2025-08-03 03:55:56.104419
3,"Casual Inference",2025-08-03 03:55:56.104419
4,"Opinionated History of Mathematics",2025-08-03 03:55:56.104419
5,"The Art of Mathematics",2025-08-03 03:55:56.104419
6,"My Favorite Theorem",2025-08-03 03:55:56.104419
7,"The Universe Speaks in Numbers",2025-08-03 03:55:56.104419
8,"Data Science Decoded",2025-08-03 03:55:56.104419
9,"Mathematics Simplified",2025-08-03 03:55:56.104419
10,"The Structural Engineering Podcast",2025-08-03 03:55:56.104419
11,"Making Number Sense Make Sense: A Math Podcast for Early Elementary Teachers",2025-08-03 03:55:56.104419
12,"The Math Club",2025-08-03 03:55:56.104419
13,"Carry the Two",2025-08-03 03:55:56.104419
1,"More or Less: Behind the Stats",2025-08-02 03:38:49.408723
2,"Breaking Math Podcast",2025-08-02 03:38:49.408723
3,"Casual Inference",2025-08-02 03:38:49.408723
4,"Opinionated History of Mathematics",2025-08-02 03:38:49.408723
5,"The Art of Mathematics",2025-08-02 03:38:49.408723
6,"My Favorite Theorem",2025-08-02 03:38:49.408723
7,"The Universe Speaks in Numbers",2025-08-02 03:38:49.408723
8,"Data Science Decoded",2025-08-02 03:38:49.408723
9,"Mathematics Simplified",2025-08-02 03:38:49.408723
10,"The Structural Engineering Podcast",2025-08-02 03:38:49.408723
11,"Making Number Sense Make Sense: A Math Podcast for Early Elementary Teachers",2025-08-02 03:38:49.408723
12,"The Math Club",2025-08-02 03:38:49.408723
13,"Carry the Two",2025-08-02 03:38:49.408723
1,"More or Less: Behind the Stats",2025-08-01 04:01:09.387288
2,"Breaking Math Podcast",2025-08-01 04:01:09.387288
3,"Casual Inference",2025-08-01 04:01:09.387288
4,"Opinionated History of Mathematics",2025-08-01 04:01:09.387288
5,"The Art of Mathematics",2025-08-01 04:01:09.387288
6,"My Favorite Theorem",2025-08-01 04:01:09.387288
7,"The Universe Speaks in Numbers",2025-08-01 04:01:09.387288
8,"Data Science Decoded",2025-08-01 04:01:09.387288
9,"Mathematics Simplified",2025-08-01 04:01:09.387288
10,"The Structural Engineering Podcast",2025-08-01 04:01:09.387288
11,"Making Number Sense Make Sense: A Math Podcast for Early Elementary Teachers",2025-08-01 04:01:09.387288
12,"The Math Club",2025-08-01 04:01:09.387288
13,"Carry the Two",2025-08-01 04:01:09.387288
1,"More or Less: Behind the Stats",2025-07-31 03:47:36.626898
2,"Breaking Math Podcast",2025-07-31 03:47:36.626898
3,"Casual Inference",2025-07-31 03:47:36.626898
4,"Opinionated History of Mathematics",2025-07-31 03:47:36.626898
5,"The Art of Mathematics",2025-07-31 03:47:36.626898
6,"My Favorite Theorem",2025-07-31 03:47:36.626898
7,"The Universe Speaks in Numbers",2025-07-31 03:47:36.626898
8,"Data Science Decoded",2025-07-31 03:47:36.626898
9,"Mathematics Simplified",2025-07-31 03:47:36.626898
10,"The Structural Engineering Podcast",2025-07-31 03:47:36.626898
11,"Making Number Sense Make Sense: A Math Podcast for Early Elementary Teachers",2025-07-31 03:47:36.626898
12,"The Math Club",2025-07-31 03:47:36.626898
13,"Carry the Two",2025-07-31 03:47:36.626898
1,"More or Less: Behind the Stats",2025-07-30 03:47:58.858059
2,"Breaking Math Podcast",2025-07-30 03:47:58.858059
3,"Casual Inference",2025-07-30 03:47:58.858059
4,"Opinionated History of Mathematics",2025-07-30 03:47:58.858059
5,"The Art of Mathematics",2025-07-30 03:47:58.858059
6,"My Favorite Theorem",2025-07-30 03:47:58.858059
7,"The Universe Speaks in Numbers",2025-07-30 03:47:58.858059
8,"Data Science Decoded",2025-07-30 03:47:58.858059
9,"Mathematics Simplified",2025-07-30 03:47:58.858059
10,"The Structural Engineering Podcast",2025-07-30 03:47:58.858059
11,"Making Number Sense Make Sense: A Math Podcast for Early Elementary Teachers",2025-07-30 03:47:58.858059
12,"The Math Club",2025-07-30 03:47:58.858059
13,"Carry the Two",2025-07-30 03:47:58.858059
1,"More or Less: Behind the Stats",2025-07-29 03:54:34.909538
2,"Breaking Math Podcast",2025-07-29 03:54:34.909538
3,"Casual Inference",2025-07-29 03:54:34.909538
4,"Opinionated History of Mathematics",2025-07-29 03:54:34.909538
5,"The Art of Mathematics",2025-07-29 03:54:34.909538
6,"My Favorite Theorem",2025-07-29 03:54:34.909538
7,"The Universe Speaks in Numbers",2025-07-29 03:54:34.909538
8,"Data Science Decoded",2025-07-29 03:54:34.909538
9,"Mathematics Simplified",2025-07-29 03:54:34.909538
10,"The Structural Engineering Podcast",2025-07-29 03:54:34.909538
11,"Making Number Sense Make Sense: A Math Podcast for Early Elementary Teachers",2025-07-29 03:54:34.909538
12,"The Math Club",2025-07-29 03:54:34.909538
13,"Carry the Two",2025-07-29 03:54:34.909538
1,"More or Less: Behind the Stats",2025-07-28 03:51:02.678487
2,"Breaking Math Podcast",2025-07-28 03:51:02.678487
3,"Casual Inference",2025-07-28 03:51:02.678487
4,"Opinionated History of Mathematics",2025-07-28 03:51:02.678487
5,"The Art of Mathematics",2025-07-28 03:51:02.678487
6,"My Favorite Theorem",2025-07-28 03:51:02.678487
7,"The Universe Speaks in Numbers",2025-07-28 03:51:02.678487
8,"Data Science Decoded",2025-07-28 03:51:02.678487
9,"Mathematics Simplified",2025-07-28 03:51:02.678487
10,"The Structural Engineering Podcast",2025-07-28 03:51:02.678487
11,"Making Number Sense Make Sense: A Math Podcast for Early Elementary Teachers",2025-07-28 03:51:02.678487
12,"The Math Club",2025-07-28 03:51:02.678487
13,"Carry the Two",2025-07-28 03:51:02.678487
1,"More or Less: Behind the Stats",2025-07-27 03:52:21.457876
2,"Breaking Math Podcast",2025-07-27 03:52:21.457876
3,"Casual Inference",2025-07-27 03:52:21.457876
4,"Opinionated History of Mathematics",2025-07-27 03:52:21.457876
5,"The Art of Mathematics",2025-07-27 03:52:21.457876
6,"My Favorite Theorem",2025-07-27 03:52:21.457876
7,"The Universe Speaks in Numbers",2025-07-27 03:52:21.457876
8,"Data Science Decoded",2025-07-27 03:52:21.457876
9,"Mathematics Simplified",2025-07-27 03:52:21.457876
10,"The Structural Engineering Podcast",2025-07-27 03:52:21.457876
11,"Making Number Sense Make Sense: A Math Podcast for Early Elementary Teachers",2025-07-27 03:52:21.457876
12,"The Math Club",2025-07-27 03:52:21.457876
13,"Carry the Two",2025-07-27 03:52:21.457876
1,"More or Less: Behind the Stats",2025-07-26 03:40:25.000003
2,"Breaking Math Podcast",2025-07-26 03:40:25.000003
3,"Casual Inference",2025-07-26 03:40:25.000003
4,"Opinionated History of Mathematics",2025-07-26 03:40:25.000003
5,"The Art of Mathematics",2025-07-26 03:40:25.000003
6,"My Favorite Theorem",2025-07-26 03:40:25.000003
7,"The Universe Speaks in Numbers",2025-07-26 03:40:25.000003
8,"Data Science Decoded",2025-07-26 03:40:25.000003
9,"Mathematics Simplified",2025-07-26 03:40:25.000003
10,"The Structural Engineering Podcast",2025-07-26 03:40:25.000003
11,"Making Number Sense Make Sense: A Math Podcast for Early Elementary Teachers",2025-07-26 03:40:25.000003
12,"The Math Club",2025-07-26 03:40:25.000003
13,"Carry the Two",2025-07-26 03:40:25.000003
1,"More or Less: Behind the Stats",2025-07-25 03:44:15.668012
2,"Breaking Math Podcast",2025-07-25 03:44:15.668012
3,"Casual Inference",2025-07-25 03:44:15.668012
4,"Opinionated History of Mathematics",2025-07-25 03:44:15.668012
5,"The Art of Mathematics",2025-07-25 03:44:15.668012
6,"My Favorite Theorem",2025-07-25 03:44:15.668012
7,"The Universe Speaks in Numbers",2025-07-25 03:44:15.668012
8,"Data Science Decoded",2025-07-25 03:44:15.668012
9,"Mathematics Simplified",2025-07-25 03:44:15.668012
10,"The Structural Engineering Podcast",2025-07-25 03:44:15.668012
11,"Making Number Sense Make Sense: A Math Podcast for Early Elementary Teachers",2025-07-25 03:44:15.668012
12,"The Math Club",2025-07-25 03:44:15.668012
13,"Carry the Two",2025-07-25 03:44:15.668012
1,"More or Less: Behind the Stats",2025-07-24 03:44:00.011275
2,"Breaking Math Podcast",2025-07-24 03:44:00.011275
3,"Casual Inference",2025-07-24 03:44:00.011275
4,"Opinionated History of Mathematics",2025-07-24 03:44:00.011275
5,"The Art of Mathematics",2025-07-24 03:44:00.011275
6,"My Favorite Theorem",2025-07-24 03:44:00.011275
7,"The Universe Speaks in Numbers",2025-07-24 03:44:00.011275
8,"Data Science Decoded",2025-07-24 03:44:00.011275
9,"Mathematics Simplified",2025-07-24 03:44:00.011275
10,"The Structural Engineering Podcast",2025-07-24 03:44:00.011275
11,"Making Number Sense Make Sense: A Math Podcast for Early Elementary Teachers",2025-07-24 03:44:00.011275
12,"The Math Club",2025-07-24 03:44:00.011275
13,"Carry the Two",2025-07-24 03:44:00.011275
1,"More or Less: Behind the Stats",2025-07-23 03:44:59.498293
2,"Breaking Math Podcast",2025-07-23 03:44:59.498293
3,"Casual Inference",2025-07-23 03:44:59.498293
4,"Opinionated History of Mathematics",2025-07-23 03:44:59.498293
5,"The Art of Mathematics",2025-07-23 03:44:59.498293
6,"My Favorite Theorem",2025-07-23 03:44:59.498293
7,"The Universe Speaks in Numbers",2025-07-23 03:44:59.498293
8,"Data Science Decoded",2025-07-23 03:44:59.498293
9,"Mathematics Simplified",2025-07-23 03:44:59.498293
10,"The Structural Engineering Podcast",2025-07-23 03:44:59.498293
11,"Making Number Sense Make Sense: A Math Podcast for Early Elementary Teachers",2025-07-23 03:44:59.498293
12,"The Math Club",2025-07-23 03:44:59.498293
13,"Carry the Two",2025-07-23 03:44:59.498293
1,"More or Less: Behind the Stats",2025-07-22 03:47:24.142565
2,"Breaking Math Podcast",2025-07-22 03:47:24.142565
3,"Casual Inference",2025-07-22 03:47:24.142565
4,"Opinionated History of Mathematics",2025-07-22 03:47:24.142565
5,"The Art of Mathematics",2025-07-22 03:47:24.142565
6,"My Favorite Theorem",2025-07-22 03:47:24.142565
7,"The Universe Speaks in Numbers",2025-07-22 03:47:24.142565
8,"Data Science Decoded",2025-07-22 03:47:24.142565
9,"Mathematics Simplified",2025-07-22 03:47:24.142565
10,"The Structural Engineering Podcast",2025-07-22 03:47:24.142565
11,"Making Number Sense Make Sense: A Math Podcast for Early Elementary Teachers",2025-07-22 03:47:24.142565
12,"The Math Club",2025-07-22 03:47:24.142565
13,"Carry the Two",2025-07-22 03:47:24.142565
1,"More or Less: Behind the Stats",2025-07-21 03:49:37.546477
2,"Breaking Math Podcast",2025-07-21 03:49:37.546477
3,"Casual Inference",2025-07-21 03:49:37.546477
4,"Opinionated History of Mathematics",2025-07-21 03:49:37.546477
5,"The Art of Mathematics",2025-07-21 03:49:37.546477
6,"My Favorite Theorem",2025-07-21 03:49:37.546477
7,"The Universe Speaks in Numbers",2025-07-21 03:49:37.546477
8,"Data Science Decoded",2025-07-21 03:49:37.546477
9,"Mathematics Simplified",2025-07-21 03:49:37.546477
10,"The Structural Engineering Podcast",2025-07-21 03:49:37.546477
11,"Making Number Sense Make Sense: A Math Podcast for Early Elementary Teachers",2025-07-21 03:49:37.546477
12,"The Math Club",2025-07-21 03:49:37.546477
13,"Carry the Two",2025-07-21 03:49:37.546477
1,"More or Less: Behind the Stats",2025-07-20 03:51:07.892943
2,"Breaking Math Podcast",2025-07-20 03:51:07.892943
3,"Casual Inference",2025-07-20 03:51:07.892943
4,"The Art of Mathematics",2025-07-20 03:51:07.892943
5,"Opinionated History of Mathematics",2025-07-20 03:51:07.892943
6,"My Favorite Theorem",2025-07-20 03:51:07.892943
7,"Data Science Decoded",2025-07-20 03:51:07.892943
8,"Making Number Sense Make Sense: A Math Podcast for Early Elementary Teachers",2025-07-20 03:51:07.892943
9,"Deep Papers",2025-07-20 03:51:07.892943
10,"The Structural Engineering Podcast",2025-07-20 03:51:07.892943
11,"The Math Club",2025-07-20 03:51:07.892943
12,"The Universe Speaks in Numbers",2025-07-20 03:51:07.892943
13,"Mathematics Simplified",2025-07-20 03:51:07.892943
1,"More or Less: Behind the Stats",2025-07-19 03:29:02.96316
2,"Breaking Math Podcast",2025-07-19 03:29:02.96316
3,"Casual Inference",2025-07-19 03:29:02.96316
4,"The Art of Mathematics",2025-07-19 03:29:02.96316
5,"Opinionated History of Mathematics",2025-07-19 03:29:02.96316
6,"My Favorite Theorem",2025-07-19 03:29:02.96316
7,"Data Science Decoded",2025-07-19 03:29:02.96316
8,"Making Number Sense Make Sense: A Math Podcast for Early Elementary Teachers",2025-07-19 03:29:02.96316
9,"Deep Papers",2025-07-19 03:29:02.96316
10,"The Structural Engineering Podcast",2025-07-19 03:29:02.96316
11,"The Math Club",2025-07-19 03:29:02.96316
12,"The Universe Speaks in Numbers",2025-07-19 03:29:02.96316
13,"Mathematics Simplified",2025-07-19 03:29:02.96316
1,"More or Less: Behind the Stats",2025-07-18 03:43:22.130736
2,"Breaking Math Podcast",2025-07-18 03:43:22.130736
3,"Casual Inference",2025-07-18 03:43:22.130736
4,"The Art of Mathematics",2025-07-18 03:43:22.130736
5,"Opinionated History of Mathematics",2025-07-18 03:43:22.130736
6,"My Favorite Theorem",2025-07-18 03:43:22.130736
7,"Data Science Decoded",2025-07-18 03:43:22.130736
8,"Making Number Sense Make Sense: A Math Podcast for Early Elementary Teachers",2025-07-18 03:43:22.130736
9,"Deep Papers",2025-07-18 03:43:22.130736
10,"The Structural Engineering Podcast",2025-07-18 03:43:22.130736
11,"The Math Club",2025-07-18 03:43:22.130736
12,"The Universe Speaks in Numbers",2025-07-18 03:43:22.130736
13,"Mathematics Simplified",2025-07-18 03:43:22.130736
1,"More or Less: Behind the Stats",2025-07-17 03:40:46.645504
2,"Breaking Math Podcast",2025-07-17 03:40:46.645504
3,"Casual Inference",2025-07-17 03:40:46.645504
4,"The Art of Mathematics",2025-07-17 03:40:46.645504
5,"Opinionated History of Mathematics",2025-07-17 03:40:46.645504
6,"My Favorite Theorem",2025-07-17 03:40:46.645504
7,"Data Science Decoded",2025-07-17 03:40:46.645504
8,"Making Number Sense Make Sense: A Math Podcast for Early Elementary Teachers",2025-07-17 03:40:46.645504
9,"Deep Papers",2025-07-17 03:40:46.645504
10,"The Structural Engineering Podcast",2025-07-17 03:40:46.645504
11,"The Math Club",2025-07-17 03:40:46.645504
12,"The Universe Speaks in Numbers",2025-07-17 03:40:46.645504
13,"Mathematics Simplified",2025-07-17 03:40:46.645504
1,"More or Less: Behind the Stats",2025-07-16 03:42:51.207899
2,"Breaking Math Podcast",2025-07-16 03:42:51.207899
3,"Casual Inference",2025-07-16 03:42:51.207899
4,"The Art of Mathematics",2025-07-16 03:42:51.207899
5,"Opinionated History of Mathematics",2025-07-16 03:42:51.207899
6,"My Favorite Theorem",2025-07-16 03:42:51.207899
7,"Data Science Decoded",2025-07-16 03:42:51.207899
8,"Making Number Sense Make Sense: A Math Podcast for Early Elementary Teachers",2025-07-16 03:42:51.207899
9,"Deep Papers",2025-07-16 03:42:51.207899
10,"The Structural Engineering Podcast",2025-07-16 03:42:51.207899
11,"The Math Club",2025-07-16 03:42:51.207899
12,"The Universe Speaks in Numbers",2025-07-16 03:42:51.207899
13,"Mathematics Simplified",2025-07-16 03:42:51.207899
1,"More or Less: Behind the Stats",2025-07-15 03:42:42.301233
2,"Breaking Math Podcast",2025-07-15 03:42:42.301233
3,"Casual Inference",2025-07-15 03:42:42.301233
4,"The Art of Mathematics",2025-07-15 03:42:42.301233
5,"Opinionated History of Mathematics",2025-07-15 03:42:42.301233
6,"My Favorite Theorem",2025-07-15 03:42:42.301233
7,"Data Science Decoded",2025-07-15 03:42:42.301233
8,"Making Number Sense Make Sense: A Math Podcast for Early Elementary Teachers",2025-07-15 03:42:42.301233
9,"Deep Papers",2025-07-15 03:42:42.301233
10,"The Structural Engineering Podcast",2025-07-15 03:42:42.301233
11,"The Math Club",2025-07-15 03:42:42.301233
12,"The Universe Speaks in Numbers",2025-07-15 03:42:42.301233
13,"Mathematics Simplified",2025-07-15 03:42:42.301233
1,"More or Less: Behind the Stats",2025-07-14 03:47:06.012948
2,"Breaking Math Podcast",2025-07-14 03:47:06.012948
3,"Casual Inference",2025-07-14 03:47:06.012948
4,"The Art of Mathematics",2025-07-14 03:47:06.012948
5,"Opinionated History of Mathematics",2025-07-14 03:47:06.012948
6,"My Favorite Theorem",2025-07-14 03:47:06.012948
7,"Data Science Decoded",2025-07-14 03:47:06.012948
8,"Making Number Sense Make Sense: A Math Podcast for Early Elementary Teachers",2025-07-14 03:47:06.012948
9,"Deep Papers",2025-07-14 03:47:06.012948
10,"The Structural Engineering Podcast",2025-07-14 03:47:06.012948
11,"The Math Club",2025-07-14 03:47:06.012948
12,"The Universe Speaks in Numbers",2025-07-14 03:47:06.012948
13,"Mathematics Simplified",2025-07-14 03:47:06.012948
1,"More or Less: Behind the Stats",2025-07-13 03:44:56.490107
2,"Breaking Math Podcast",2025-07-13 03:44:56.490107
3,"Casual Inference",2025-07-13 03:44:56.490107
4,"The Art of Mathematics",2025-07-13 03:44:56.490107
5,"Opinionated History of Mathematics",2025-07-13 03:44:56.490107
6,"My Favorite Theorem",2025-07-13 03:44:56.490107
7,"Data Science Decoded",2025-07-13 03:44:56.490107
8,"Making Number Sense Make Sense: A Math Podcast for Early Elementary Teachers",2025-07-13 03:44:56.490107
9,"Deep Papers",2025-07-13 03:44:56.490107
10,"The Structural Engineering Podcast",2025-07-13 03:44:56.490107
11,"The Math Club",2025-07-13 03:44:56.490107
12,"The Universe Speaks in Numbers",2025-07-13 03:44:56.490107
13,"Mathematics Simplified",2025-07-13 03:44:56.490107
1,"More or Less: Behind the Stats",2025-07-12 03:40:48.084282
2,"Breaking Math Podcast",2025-07-12 03:40:48.084282
3,"Casual Inference",2025-07-12 03:40:48.084282
4,"The Art of Mathematics",2025-07-12 03:40:48.084282
5,"Opinionated History of Mathematics",2025-07-12 03:40:48.084282
6,"My Favorite Theorem",2025-07-12 03:40:48.084282
7,"Data Science Decoded",2025-07-12 03:40:48.084282
8,"Making Number Sense Make Sense: A Math Podcast for Early Elementary Teachers",2025-07-12 03:40:48.084282
9,"Deep Papers",2025-07-12 03:40:48.084282
10,"The Structural Engineering Podcast",2025-07-12 03:40:48.084282
11,"The Math Club",2025-07-12 03:40:48.084282
12,"The Universe Speaks in Numbers",2025-07-12 03:40:48.084282
13,"Mathematics Simplified",2025-07-12 03:40:48.084282
1,"More or Less: Behind the Stats",2025-07-11 03:41:32.857511
2,"Breaking Math Podcast",2025-07-11 03:41:32.857511
3,"Casual Inference",2025-07-11 03:41:32.857511
4,"The Art of Mathematics",2025-07-11 03:41:32.857511
5,"Opinionated History of Mathematics",2025-07-11 03:41:32.857511
6,"My Favorite Theorem",2025-07-11 03:41:32.857511
7,"Data Science Decoded",2025-07-11 03:41:32.857511
8,"Making Number Sense Make Sense: A Math Podcast for Early Elementary Teachers",2025-07-11 03:41:32.857511
9,"Deep Papers",2025-07-11 03:41:32.857511
10,"The Structural Engineering Podcast",2025-07-11 03:41:32.857511
11,"The Math Club",2025-07-11 03:41:32.857511
12,"The Universe Speaks in Numbers",2025-07-11 03:41:32.857511
13,"Mathematics Simplified",2025-07-11 03:41:32.857511
1,"More or Less: Behind the Stats",2025-07-10 03:29:12.806852
2,"Breaking Math Podcast",2025-07-10 03:29:12.806852
3,"Casual Inference",2025-07-10 03:29:12.806852
4,"The Art of Mathematics",2025-07-10 03:29:12.806852
5,"Opinionated History of Mathematics",2025-07-10 03:29:12.806852
6,"My Favorite Theorem",2025-07-10 03:29:12.806852
7,"Data Science Decoded",2025-07-10 03:29:12.806852
8,"Making Number Sense Make Sense: A Math Podcast for Early Elementary Teachers",2025-07-10 03:29:12.806852
9,"Deep Papers",2025-07-10 03:29:12.806852
10,"The Structural Engineering Podcast",2025-07-10 03:29:12.806852
11,"The Math Club",2025-07-10 03:29:12.806852
12,"The Universe Speaks in Numbers",2025-07-10 03:29:12.806852
13,"Mathematics Simplified",2025-07-10 03:29:12.806852
1,"More or Less: Behind the Stats",2025-07-09 03:30:34.430463
2,"Breaking Math Podcast",2025-07-09 03:30:34.430463
3,"Casual Inference",2025-07-09 03:30:34.430463
4,"The Art of Mathematics",2025-07-09 03:30:34.430463
5,"Opinionated History of Mathematics",2025-07-09 03:30:34.430463
6,"My Favorite Theorem",2025-07-09 03:30:34.430463
7,"Data Science Decoded",2025-07-09 03:30:34.430463
8,"Making Number Sense Make Sense: A Math Podcast for Early Elementary Teachers",2025-07-09 03:30:34.430463
9,"Deep Papers",2025-07-09 03:30:34.430463
10,"The Structural Engineering Podcast",2025-07-09 03:30:34.430463
11,"The Math Club",2025-07-09 03:30:34.430463
12,"The Universe Speaks in Numbers",2025-07-09 03:30:34.430463
13,"Mathematics Simplified",2025-07-09 03:30:34.430463
1,"More or Less: Behind the Stats",2025-07-08 03:25:32.897126
2,"Casual Inference",2025-07-08 03:25:32.897126
3,"The Art of Mathematics",2025-07-08 03:25:32.897126
4,"Breaking Math Podcast",2025-07-08 03:25:32.897126
5,"My Favorite Theorem",2025-07-08 03:25:32.897126
6,"Opinionated History of Mathematics",2025-07-08 03:25:32.897126
7,"Making Number Sense Make Sense: A Math Podcast for Early Elementary Teachers",2025-07-08 03:25:32.897126
8,"The Math Club",2025-07-08 03:25:32.897126
9,"Deep Papers",2025-07-08 03:25:32.897126
10,"Carry the Two",2025-07-08 03:25:32.897126
11,"Data Science Decoded",2025-07-08 03:25:32.897126
12,"Mathematics Simplified",2025-07-08 03:25:32.897126
13,"The Structural Engineering Podcast",2025-07-08 03:25:32.897126
1,"More or Less: Behind the Stats",2025-07-07 03:39:28.199506
2,"Casual Inference",2025-07-07 03:39:28.199506
3,"The Art of Mathematics",2025-07-07 03:39:28.199506
4,"Breaking Math Podcast",2025-07-07 03:39:28.199506
5,"My Favorite Theorem",2025-07-07 03:39:28.199506
6,"Opinionated History of Mathematics",2025-07-07 03:39:28.199506
7,"Making Number Sense Make Sense: A Math Podcast for Early Elementary Teachers",2025-07-07 03:39:28.199506
8,"The Math Club",2025-07-07 03:39:28.199506
9,"Deep Papers",2025-07-07 03:39:28.199506
10,"Carry the Two",2025-07-07 03:39:28.199506
11,"Data Science Decoded",2025-07-07 03:39:28.199506
12,"Mathematics Simplified",2025-07-07 03:39:28.199506
13,"The Structural Engineering Podcast",2025-07-07 03:39:28.199506
1,"More or Less: Behind the Stats",2025-07-06 03:39:23.528215
2,"Casual Inference",2025-07-06 03:39:23.528215
3,"The Art of Mathematics",2025-07-06 03:39:23.528215
4,"Breaking Math Podcast",2025-07-06 03:39:23.528215
5,"My Favorite Theorem",2025-07-06 03:39:23.528215
6,"Opinionated History of Mathematics",2025-07-06 03:39:23.528215
7,"Making Number Sense Make Sense: A Math Podcast for Early Elementary Teachers",2025-07-06 03:39:23.528215
8,"The Math Club",2025-07-06 03:39:23.528215
9,"Deep Papers",2025-07-06 03:39:23.528215
10,"Carry the Two",2025-07-06 03:39:23.528215
11,"Data Science Decoded",2025-07-06 03:39:23.528215
12,"Mathematics Simplified",2025-07-06 03:39:23.528215
13,"The Structural Engineering Podcast",2025-07-06 03:39:23.528215
1,"More or Less: Behind the Stats",2025-07-05 03:19:29.920261
2,"Casual Inference",2025-07-05 03:19:29.920261
3,"The Art of Mathematics",2025-07-05 03:19:29.920261
4,"Breaking Math Podcast",2025-07-05 03:19:29.920261
5,"My Favorite Theorem",2025-07-05 03:19:29.920261
6,"Opinionated History of Mathematics",2025-07-05 03:19:29.920261
7,"Making Number Sense Make Sense: A Math Podcast for Early Elementary Teachers",2025-07-05 03:19:29.920261
8,"The Math Club",2025-07-05 03:19:29.920261
9,"Deep Papers",2025-07-05 03:19:29.920261
10,"Carry the Two",2025-07-05 03:19:29.920261
11,"Data Science Decoded",2025-07-05 03:19:29.920261
12,"Mathematics Simplified",2025-07-05 03:19:29.920261
13,"The Structural Engineering Podcast",2025-07-05 03:19:29.920261
1,"More or Less: Behind the Stats",2025-07-04 03:25:24.677603
2,"Casual Inference",2025-07-04 03:25:24.677603
3,"The Art of Mathematics",2025-07-04 03:25:24.677603
4,"Breaking Math Podcast",2025-07-04 03:25:24.677603
5,"My Favorite Theorem",2025-07-04 03:25:24.677603
6,"Opinionated History of Mathematics",2025-07-04 03:25:24.677603
7,"Making Number Sense Make Sense: A Math Podcast for Early Elementary Teachers",2025-07-04 03:25:24.677603
8,"The Math Club",2025-07-04 03:25:24.677603
9,"Deep Papers",2025-07-04 03:25:24.677603
10,"Carry the Two",2025-07-04 03:25:24.677603
11,"Data Science Decoded",2025-07-04 03:25:24.677603
12,"Mathematics Simplified",2025-07-04 03:25:24.677603
13,"The Structural Engineering Podcast",2025-07-04 03:25:24.677603
1,"More or Less: Behind the Stats",2025-07-03 03:25:22.745523
2,"Casual Inference",2025-07-03 03:25:22.745523
3,"The Art of Mathematics",2025-07-03 03:25:22.745523
4,"Breaking Math Podcast",2025-07-03 03:25:22.745523
5,"My Favorite Theorem",2025-07-03 03:25:22.745523
6,"Opinionated History of Mathematics",2025-07-03 03:25:22.745523
7,"Making Number Sense Make Sense: A Math Podcast for Early Elementary Teachers",2025-07-03 03:25:22.745523
8,"The Math Club",2025-07-03 03:25:22.745523
9,"Deep Papers",2025-07-03 03:25:22.745523
10,"Carry the Two",2025-07-03 03:25:22.745523
11,"Data Science Decoded",2025-07-03 03:25:22.745523
12,"Mathematics Simplified",2025-07-03 03:25:22.745523
13,"The Structural Engineering Podcast",2025-07-03 03:25:22.745523
1,"More or Less: Behind the Stats",2025-07-02 03:26:42.158534
2,"Casual Inference",2025-07-02 03:26:42.158534
3,"The Art of Mathematics",2025-07-02 03:26:42.158534
4,"Breaking Math Podcast",2025-07-02 03:26:42.158534
5,"My Favorite Theorem",2025-07-02 03:26:42.158534
6,"Opinionated History of Mathematics",2025-07-02 03:26:42.158534
7,"Making Number Sense Make Sense: A Math Podcast for Early Elementary Teachers",2025-07-02 03:26:42.158534
8,"The Math Club",2025-07-02 03:26:42.158534
9,"Deep Papers",2025-07-02 03:26:42.158534
10,"Carry the Two",2025-07-02 03:26:42.158534
11,"Data Science Decoded",2025-07-02 03:26:42.158534
12,"Mathematics Simplified",2025-07-02 03:26:42.158534
13,"The Structural Engineering Podcast",2025-07-02 03:26:42.158534
1,"More or Less: Behind the Stats",2025-07-01 03:44:21.300492
2,"Casual Inference",2025-07-01 03:44:21.300492
3,"The Art of Mathematics",2025-07-01 03:44:21.300492
4,"Breaking Math Podcast",2025-07-01 03:44:21.300492
5,"My Favorite Theorem",2025-07-01 03:44:21.300492
6,"Opinionated History of Mathematics",2025-07-01 03:44:21.300492
7,"Making Number Sense Make Sense: A Math Podcast for Early Elementary Teachers",2025-07-01 03:44:21.300492
8,"The Math Club",2025-07-01 03:44:21.300492
9,"Deep Papers",2025-07-01 03:44:21.300492
10,"Carry the Two",2025-07-01 03:44:21.300492
11,"Data Science Decoded",2025-07-01 03:44:21.300492
12,"Mathematics Simplified",2025-07-01 03:44:21.300492
13,"The Structural Engineering Podcast",2025-07-01 03:44:21.300492
1,"More or Less: Behind the Stats",2025-06-30 03:37:14.261899
2,"Casual Inference",2025-06-30 03:37:14.261899
3,"Making Number Sense Make Sense: A Math Podcast for Early Elementary Teachers",2025-06-30 03:37:14.261899
4,"The Art of Mathematics",2025-06-30 03:37:14.261899
5,"Opinionated History of Mathematics",2025-06-30 03:37:14.261899
6,"The Math Club",2025-06-30 03:37:14.261899
7,"My Favorite Theorem",2025-06-30 03:37:14.261899
8,"Breaking Math Podcast",2025-06-30 03:37:14.261899
9,"Data Science Decoded",2025-06-30 03:37:14.261899
10,"Carry the Two",2025-06-30 03:37:14.261899
11,"The Structural Engineering Podcast",2025-06-30 03:37:14.261899
12,"Deep Papers",2025-06-30 03:37:14.261899
13,"Ten Minute Math",2025-06-30 03:37:14.261899
1,"More or Less: Behind the Stats",2025-06-29 03:42:00.190516
2,"Casual Inference",2025-06-29 03:42:00.190516
3,"Making Number Sense Make Sense: A Math Podcast for Early Elementary Teachers",2025-06-29 03:42:00.190516
4,"The Art of Mathematics",2025-06-29 03:42:00.190516
5,"Opinionated History of Mathematics",2025-06-29 03:42:00.190516
6,"The Math Club",2025-06-29 03:42:00.190516
7,"My Favorite Theorem",2025-06-29 03:42:00.190516
8,"Breaking Math Podcast",2025-06-29 03:42:00.190516
9,"Data Science Decoded",2025-06-29 03:42:00.190516
10,"Carry the Two",2025-06-29 03:42:00.190516
11,"The Structural Engineering Podcast",2025-06-29 03:42:00.190516
12,"Deep Papers",2025-06-29 03:42:00.190516
13,"Ten Minute Math",2025-06-29 03:42:00.190516
1,"More or Less: Behind the Stats",2025-06-28 03:20:24.740041
2,"Casual Inference",2025-06-28 03:20:24.740041
3,"Making Number Sense Make Sense: A Math Podcast for Early Elementary Teachers",2025-06-28 03:20:24.740041
4,"The Art of Mathematics",2025-06-28 03:20:24.740041
5,"Opinionated History of Mathematics",2025-06-28 03:20:24.740041
6,"The Math Club",2025-06-28 03:20:24.740041
7,"My Favorite Theorem",2025-06-28 03:20:24.740041
8,"Breaking Math Podcast",2025-06-28 03:20:24.740041
9,"Data Science Decoded",2025-06-28 03:20:24.740041
10,"Carry the Two",2025-06-28 03:20:24.740041
11,"The Structural Engineering Podcast",2025-06-28 03:20:24.740041
12,"Deep Papers",2025-06-28 03:20:24.740041
13,"Ten Minute Math",2025-06-28 03:20:24.740041
1,"More or Less: Behind the Stats",2025-06-27 03:24:08.202614
2,"Casual Inference",2025-06-27 03:24:08.202614
3,"Making Number Sense Make Sense: A Math Podcast for Early Elementary Teachers",2025-06-27 03:24:08.202614
4,"The Art of Mathematics",2025-06-27 03:24:08.202614
5,"Opinionated History of Mathematics",2025-06-27 03:24:08.202614
6,"The Math Club",2025-06-27 03:24:08.202614
7,"My Favorite Theorem",2025-06-27 03:24:08.202614
8,"Breaking Math Podcast",2025-06-27 03:24:08.202614
9,"Data Science Decoded",2025-06-27 03:24:08.202614
10,"Carry the Two",2025-06-27 03:24:08.202614
11,"The Structural Engineering Podcast",2025-06-27 03:24:08.202614
12,"Deep Papers",2025-06-27 03:24:08.202614
13,"Ten Minute Math",2025-06-27 03:24:08.202614
1,"More or Less: Behind the Stats",2025-06-26 03:24:13.302919
2,"Casual Inference",2025-06-26 03:24:13.302919
3,"Making Number Sense Make Sense: A Math Podcast for Early Elementary Teachers",2025-06-26 03:24:13.302919
4,"The Art of Mathematics",2025-06-26 03:24:13.302919
5,"Opinionated History of Mathematics",2025-06-26 03:24:13.302919
6,"The Math Club",2025-06-26 03:24:13.302919
7,"My Favorite Theorem",2025-06-26 03:24:13.302919
8,"Breaking Math Podcast",2025-06-26 03:24:13.302919
9,"Data Science Decoded",2025-06-26 03:24:13.302919
10,"Carry the Two",2025-06-26 03:24:13.302919
11,"The Structural Engineering Podcast",2025-06-26 03:24:13.302919
12,"Deep Papers",2025-06-26 03:24:13.302919
13,"Ten Minute Math",2025-06-26 03:24:13.302919
1,"More or Less: Behind the Stats",2025-06-25 03:26:21.7062
2,"Casual Inference",2025-06-25 03:26:21.7062
3,"Making Number Sense Make Sense: A Math Podcast for Early Elementary Teachers",2025-06-25 03:26:21.7062
4,"The Art of Mathematics",2025-06-25 03:26:21.7062
5,"Opinionated History of Mathematics",2025-06-25 03:26:21.7062
6,"The Math Club",2025-06-25 03:26:21.7062
7,"My Favorite Theorem",2025-06-25 03:26:21.7062
8,"Breaking Math Podcast",2025-06-25 03:26:21.7062
9,"Data Science Decoded",2025-06-25 03:26:21.7062
10,"Carry the Two",2025-06-25 03:26:21.7062
11,"The Structural Engineering Podcast",2025-06-25 03:26:21.7062
12,"Deep Papers",2025-06-25 03:26:21.7062
13,"Ten Minute Math",2025-06-25 03:26:21.7062
1,"More or Less: Behind the Stats",2025-06-24 03:25:01.41225
2,"Casual Inference",2025-06-24 03:25:01.41225
3,"Making Number Sense Make Sense: A Math Podcast for Early Elementary Teachers",2025-06-24 03:25:01.41225
4,"The Art of Mathematics",2025-06-24 03:25:01.41225
5,"Opinionated History of Mathematics",2025-06-24 03:25:01.41225
6,"The Math Club",2025-06-24 03:25:01.41225
7,"My Favorite Theorem",2025-06-24 03:25:01.41225
8,"Breaking Math Podcast",2025-06-24 03:25:01.41225
9,"Data Science Decoded",2025-06-24 03:25:01.41225
10,"Carry the Two",2025-06-24 03:25:01.41225
11,"The Structural Engineering Podcast",2025-06-24 03:25:01.41225
12,"Deep Papers",2025-06-24 03:25:01.41225
13,"Ten Minute Math",2025-06-24 03:25:01.41225
1,"More or Less: Behind the Stats",2025-06-23 03:39:54.833863
2,"Casual Inference",2025-06-23 03:39:54.833863
3,"Making Number Sense Make Sense: A Math Podcast for Early Elementary Teachers",2025-06-23 03:39:54.833863
4,"The Art of Mathematics",2025-06-23 03:39:54.833863
5,"Opinionated History of Mathematics",2025-06-23 03:39:54.833863
6,"The Math Club",2025-06-23 03:39:54.833863
7,"My Favorite Theorem",2025-06-23 03:39:54.833863
8,"Breaking Math Podcast",2025-06-23 03:39:54.833863
9,"Data Science Decoded",2025-06-23 03:39:54.833863
10,"Carry the Two",2025-06-23 03:39:54.833863
11,"The Structural Engineering Podcast",2025-06-23 03:39:54.833863
12,"Deep Papers",2025-06-23 03:39:54.833863
13,"Ten Minute Math",2025-06-23 03:39:54.833863
1,"More or Less: Behind the Stats",2025-06-22 03:37:36.292021
2,"Casual Inference",2025-06-22 03:37:36.292021
3,"The Art of Mathematics",2025-06-22 03:37:36.292021
4,"Opinionated History of Mathematics",2025-06-22 03:37:36.292021
5,"Making Number Sense Make Sense: A Math Podcast for Early Elementary Teachers",2025-06-22 03:37:36.292021
6,"My Favorite Theorem",2025-06-22 03:37:36.292021
7,"Breaking Math Podcast",2025-06-22 03:37:36.292021
8,"Data Science Decoded",2025-06-22 03:37:36.292021
9,"The Structural Engineering Podcast",2025-06-22 03:37:36.292021
10,"Deep Papers",2025-06-22 03:37:36.292021
11,"Carry the Two",2025-06-22 03:37:36.292021
12,"The Universe Speaks in Numbers",2025-06-22 03:37:36.292021
13,"The Math Club",2025-06-22 03:37:36.292021
1,"More or Less: Behind the Stats",2025-06-21 03:18:24.834793
2,"Casual Inference",2025-06-21 03:18:24.834793
3,"The Art of Mathematics",2025-06-21 03:18:24.834793
4,"Opinionated History of Mathematics",2025-06-21 03:18:24.834793
5,"Making Number Sense Make Sense: A Math Podcast for Early Elementary Teachers",2025-06-21 03:18:24.834793
6,"My Favorite Theorem",2025-06-21 03:18:24.834793
7,"Breaking Math Podcast",2025-06-21 03:18:24.834793
8,"Data Science Decoded",2025-06-21 03:18:24.834793
9,"The Structural Engineering Podcast",2025-06-21 03:18:24.834793
10,"Deep Papers",2025-06-21 03:18:24.834793
11,"Carry the Two",2025-06-21 03:18:24.834793
12,"The Universe Speaks in Numbers",2025-06-21 03:18:24.834793
13,"The Math Club",2025-06-21 03:18:24.834793
1,"More or Less: Behind the Stats",2025-06-20 03:21:38.091717
2,"Casual Inference",2025-06-20 03:21:38.091717
3,"The Art of Mathematics",2025-06-20 03:21:38.091717
4,"Opinionated History of Mathematics",2025-06-20 03:21:38.091717
5,"Making Number Sense Make Sense: A Math Podcast for Early Elementary Teachers",2025-06-20 03:21:38.091717
6,"My Favorite Theorem",2025-06-20 03:21:38.091717
7,"Breaking Math Podcast",2025-06-20 03:21:38.091717
8,"Data Science Decoded",2025-06-20 03:21:38.091717
9,"The Structural Engineering Podcast",2025-06-20 03:21:38.091717
10,"Deep Papers",2025-06-20 03:21:38.091717
11,"Carry the Two",2025-06-20 03:21:38.091717
12,"The Universe Speaks in Numbers",2025-06-20 03:21:38.091717
13,"The Math Club",2025-06-20 03:21:38.091717
1,"More or Less: Behind the Stats",2025-06-19 03:22:38.556721
2,"Casual Inference",2025-06-19 03:22:38.556721
3,"The Art of Mathematics",2025-06-19 03:22:38.556721
4,"Opinionated History of Mathematics",2025-06-19 03:22:38.556721
5,"Making Number Sense Make Sense: A Math Podcast for Early Elementary Teachers",2025-06-19 03:22:38.556721
6,"My Favorite Theorem",2025-06-19 03:22:38.556721
7,"Breaking Math Podcast",2025-06-19 03:22:38.556721
8,"Data Science Decoded",2025-06-19 03:22:38.556721
9,"The Structural Engineering Podcast",2025-06-19 03:22:38.556721
10,"Deep Papers",2025-06-19 03:22:38.556721
11,"Carry the Two",2025-06-19 03:22:38.556721
12,"The Universe Speaks in Numbers",2025-06-19 03:22:38.556721
13,"The Math Club",2025-06-19 03:22:38.556721
1,"More or Less: Behind the Stats",2025-06-18 03:24:33.952998
2,"Casual Inference",2025-06-18 03:24:33.952998
3,"The Art of Mathematics",2025-06-18 03:24:33.952998
4,"Opinionated History of Mathematics",2025-06-18 03:24:33.952998
5,"Making Number Sense Make Sense: A Math Podcast for Early Elementary Teachers",2025-06-18 03:24:33.952998
6,"My Favorite Theorem",2025-06-18 03:24:33.952998
7,"Breaking Math Podcast",2025-06-18 03:24:33.952998
8,"Data Science Decoded",2025-06-18 03:24:33.952998
9,"The Structural Engineering Podcast",2025-06-18 03:24:33.952998
10,"Deep Papers",2025-06-18 03:24:33.952998
11,"Carry the Two",2025-06-18 03:24:33.952998
12,"The Universe Speaks in Numbers",2025-06-18 03:24:33.952998
13,"The Math Club",2025-06-18 03:24:33.952998
1,"More or Less: Behind the Stats",2025-06-17 03:23:56.788477
2,"Casual Inference",2025-06-17 03:23:56.788477
3,"The Art of Mathematics",2025-06-17 03:23:56.788477
4,"Opinionated History of Mathematics",2025-06-17 03:23:56.788477
5,"Making Number Sense Make Sense: A Math Podcast for Early Elementary Teachers",2025-06-17 03:23:56.788477
6,"My Favorite Theorem",2025-06-17 03:23:56.788477
7,"Breaking Math Podcast",2025-06-17 03:23:56.788477
8,"Data Science Decoded",2025-06-17 03:23:56.788477
9,"The Structural Engineering Podcast",2025-06-17 03:23:56.788477
10,"Deep Papers",2025-06-17 03:23:56.788477
11,"Carry the Two",2025-06-17 03:23:56.788477
12,"The Universe Speaks in Numbers",2025-06-17 03:23:56.788477
13,"The Math Club",2025-06-17 03:23:56.788477
1,"More or Less: Behind the Stats",2025-06-16 03:26:17.597161
2,"Casual Inference",2025-06-16 03:26:17.597161
3,"The Art of Mathematics",2025-06-16 03:26:17.597161
4,"Opinionated History of Mathematics",2025-06-16 03:26:17.597161
5,"Making Number Sense Make Sense: A Math Podcast for Early Elementary Teachers",2025-06-16 03:26:17.597161
6,"My Favorite Theorem",2025-06-16 03:26:17.597161
7,"Breaking Math Podcast",2025-06-16 03:26:17.597161
8,"Data Science Decoded",2025-06-16 03:26:17.597161
9,"The Structural Engineering Podcast",2025-06-16 03:26:17.597161
10,"Deep Papers",2025-06-16 03:26:17.597161
11,"Carry the Two",2025-06-16 03:26:17.597161
12,"The Universe Speaks in Numbers",2025-06-16 03:26:17.597161
13,"The Math Club",2025-06-16 03:26:17.597161
1,"More or Less: Behind the Stats",2025-06-15 03:28:50.916231
2,"Casual Inference",2025-06-15 03:28:50.916231
3,"The Art of Mathematics",2025-06-15 03:28:50.916231
4,"Opinionated History of Mathematics",2025-06-15 03:28:50.916231
5,"Making Number Sense Make Sense: A Math Podcast for Early Elementary Teachers",2025-06-15 03:28:50.916231
6,"My Favorite Theorem",2025-06-15 03:28:50.916231
7,"Breaking Math Podcast",2025-06-15 03:28:50.916231
8,"Data Science Decoded",2025-06-15 03:28:50.916231
9,"The Structural Engineering Podcast",2025-06-15 03:28:50.916231
10,"Deep Papers",2025-06-15 03:28:50.916231
11,"Carry the Two",2025-06-15 03:28:50.916231
12,"The Universe Speaks in Numbers",2025-06-15 03:28:50.916231
13,"The Math Club",2025-06-15 03:28:50.916231
1,"More or Less: Behind the Stats",2025-06-14 03:18:12.019928
2,"Casual Inference",2025-06-14 03:18:12.019928
3,"Opinionated History of Mathematics",2025-06-14 03:18:12.019928
4,"The Art of Mathematics",2025-06-14 03:18:12.019928
5,"My Favorite Theorem",2025-06-14 03:18:12.019928
6,"Breaking Math Podcast",2025-06-14 03:18:12.019928
7,"Making Number Sense Make Sense: A Math Podcast for Early Elementary Teachers",2025-06-14 03:18:12.019928
8,"The Universe Speaks in Numbers",2025-06-14 03:18:12.019928
9,"Data Science Decoded",2025-06-14 03:18:12.019928
10,"Carry the Two",2025-06-14 03:18:12.019928
11,"SOA Podcasts - Society of Actuaries",2025-06-14 03:18:12.019928
12,"The Structural Engineering Podcast",2025-06-14 03:18:12.019928
13,"The Cartesian Cafe",2025-06-14 03:18:12.019928
1,"More or Less: Behind the Stats",2025-06-13 03:23:29.472605
2,"Casual Inference",2025-06-13 03:23:29.472605
3,"Opinionated History of Mathematics",2025-06-13 03:23:29.472605
4,"The Art of Mathematics",2025-06-13 03:23:29.472605
5,"My Favorite Theorem",2025-06-13 03:23:29.472605
6,"Breaking Math Podcast",2025-06-13 03:23:29.472605
7,"Making Number Sense Make Sense: A Math Podcast for Early Elementary Teachers",2025-06-13 03:23:29.472605
8,"The Universe Speaks in Numbers",2025-06-13 03:23:29.472605
9,"Data Science Decoded",2025-06-13 03:23:29.472605
10,"Carry the Two",2025-06-13 03:23:29.472605
11,"SOA Podcasts - Society of Actuaries",2025-06-13 03:23:29.472605
12,"The Structural Engineering Podcast",2025-06-13 03:23:29.472605
13,"The Cartesian Cafe",2025-06-13 03:23:29.472605
1,"More or Less: Behind the Stats",2025-06-12 03:23:27.708961
2,"Casual Inference",2025-06-12 03:23:27.708961
3,"Opinionated History of Mathematics",2025-06-12 03:23:27.708961
4,"The Art of Mathematics",2025-06-12 03:23:27.708961
5,"My Favorite Theorem",2025-06-12 03:23:27.708961
6,"Breaking Math Podcast",2025-06-12 03:23:27.708961
7,"Making Number Sense Make Sense: A Math Podcast for Early Elementary Teachers",2025-06-12 03:23:27.708961
8,"The Universe Speaks in Numbers",2025-06-12 03:23:27.708961
9,"Data Science Decoded",2025-06-12 03:23:27.708961
10,"Carry the Two",2025-06-12 03:23:27.708961
11,"SOA Podcasts - Society of Actuaries",2025-06-12 03:23:27.708961
12,"The Structural Engineering Podcast",2025-06-12 03:23:27.708961
13,"The Cartesian Cafe",2025-06-12 03:23:27.708961
1,"More or Less: Behind the Stats",2025-06-11 03:22:30.392005
2,"Casual Inference",2025-06-11 03:22:30.392005
3,"Opinionated History of Mathematics",2025-06-11 03:22:30.392005
4,"The Art of Mathematics",2025-06-11 03:22:30.392005
5,"My Favorite Theorem",2025-06-11 03:22:30.392005
6,"Breaking Math Podcast",2025-06-11 03:22:30.392005
7,"Making Number Sense Make Sense: A Math Podcast for Early Elementary Teachers",2025-06-11 03:22:30.392005
8,"The Universe Speaks in Numbers",2025-06-11 03:22:30.392005
9,"Data Science Decoded",2025-06-11 03:22:30.392005
10,"Carry the Two",2025-06-11 03:22:30.392005
11,"SOA Podcasts - Society of Actuaries",2025-06-11 03:22:30.392005
12,"The Structural Engineering Podcast",2025-06-11 03:22:30.392005
13,"The Cartesian Cafe",2025-06-11 03:22:30.392005
1,"More or Less: Behind the Stats",2025-06-10 03:23:14.387759
2,"Casual Inference",2025-06-10 03:23:14.387759
3,"Opinionated History of Mathematics",2025-06-10 03:23:14.387759
4,"The Art of Mathematics",2025-06-10 03:23:14.387759
5,"My Favorite Theorem",2025-06-10 03:23:14.387759
6,"Breaking Math Podcast",2025-06-10 03:23:14.387759
7,"Making Number Sense Make Sense: A Math Podcast for Early Elementary Teachers",2025-06-10 03:23:14.387759
8,"The Universe Speaks in Numbers",2025-06-10 03:23:14.387759
9,"Data Science Decoded",2025-06-10 03:23:14.387759
10,"Carry the Two",2025-06-10 03:23:14.387759
11,"SOA Podcasts - Society of Actuaries",2025-06-10 03:23:14.387759
12,"The Structural Engineering Podcast",2025-06-10 03:23:14.387759
13,"The Cartesian Cafe",2025-06-10 03:23:14.387759
1,"More or Less: Behind the Stats",2025-06-09 03:27:48.497917
2,"Casual Inference",2025-06-09 03:27:48.497917
3,"Opinionated History of Mathematics",2025-06-09 03:27:48.497917
4,"The Art of Mathematics",2025-06-09 03:27:48.497917
5,"My Favorite Theorem",2025-06-09 03:27:48.497917
6,"Breaking Math Podcast",2025-06-09 03:27:48.497917
7,"Making Number Sense Make Sense: A Math Podcast for Early Elementary Teachers",2025-06-09 03:27:48.497917
8,"The Universe Speaks in Numbers",2025-06-09 03:27:48.497917
9,"Data Science Decoded",2025-06-09 03:27:48.497917
10,"Carry the Two",2025-06-09 03:27:48.497917
11,"SOA Podcasts - Society of Actuaries",2025-06-09 03:27:48.497917
12,"The Structural Engineering Podcast",2025-06-09 03:27:48.497917
13,"The Cartesian Cafe",2025-06-09 03:27:48.497917
1,"More or Less: Behind the Stats",2025-06-08 03:29:06.316011
2,"Casual Inference",2025-06-08 03:29:06.316011
3,"Opinionated History of Mathematics",2025-06-08 03:29:06.316011
4,"The Art of Mathematics",2025-06-08 03:29:06.316011
5,"My Favorite Theorem",2025-06-08 03:29:06.316011
6,"Breaking Math Podcast",2025-06-08 03:29:06.316011
7,"Making Number Sense Make Sense: A Math Podcast for Early Elementary Teachers",2025-06-08 03:29:06.316011
8,"The Universe Speaks in Numbers",2025-06-08 03:29:06.316011
9,"Data Science Decoded",2025-06-08 03:29:06.316011
10,"Carry the Two",2025-06-08 03:29:06.316011
11,"SOA Podcasts - Society of Actuaries",2025-06-08 03:29:06.316011
12,"The Structural Engineering Podcast",2025-06-08 03:29:06.316011
13,"The Cartesian Cafe",2025-06-08 03:29:06.316011
1,"More or Less: Behind the Stats",2025-06-07 17:43:50.322625
2,"Casual Inference",2025-06-07 17:43:50.322625
3,"Opinionated History of Mathematics",2025-06-07 17:43:50.322625
4,"The Art of Mathematics",2025-06-07 17:43:50.322625
5,"My Favorite Theorem",2025-06-07 17:43:50.322625
6,"Breaking Math Podcast",2025-06-07 17:43:50.322625
7,"Making Number Sense Make Sense: A Math Podcast for Early Elementary Teachers",2025-06-07 17:43:50.322625
8,"The Universe Speaks in Numbers",2025-06-07 17:43:50.322625
9,"Data Science Decoded",2025-06-07 17:43:50.322625
10,"Carry the Two",2025-06-07 17:43:50.322625
11,"SOA Podcasts - Society of Actuaries",2025-06-07 17:43:50.322625
12,"The Structural Engineering Podcast",2025-06-07 17:43:50.322625
13,"The Cartesian Cafe",2025-06-07 17:43:50.322625
1,"More or Less: Behind the Stats",2025-06-07 17:39:22.352352
2,"Casual Inference",2025-06-07 17:39:22.352352
3,"Opinionated History of Mathematics",2025-06-07 17:39:22.352352
4,"The Art of Mathematics",2025-06-07 17:39:22.352352
5,"My Favorite Theorem",2025-06-07 17:39:22.352352
6,"Breaking Math Podcast",2025-06-07 17:39:22.352352
7,"Making Number Sense Make Sense: A Math Podcast for Early Elementary Teachers",2025-06-07 17:39:22.352352
8,"The Universe Speaks in Numbers",2025-06-07 17:39:22.352352
9,"Data Science Decoded",2025-06-07 17:39:22.352352
10,"Carry the Two",2025-06-07 17:39:22.352352
11,"SOA Podcasts - Society of Actuaries",2025-06-07 17:39:22.352352
12,"The Structural Engineering Podcast",2025-06-07 17:39:22.352352
13,"The Cartesian Cafe",2025-06-07 17:39:22.352352
1,"More or Less: Behind the Stats",2025-06-07 12:43:31.729048
2,"Casual Inference",2025-06-07 12:43:31.729048
3,"Opinionated History of Mathematics",2025-06-07 12:43:31.729048
4,"The Art of Mathematics",2025-06-07 12:43:31.729048
5,"My Favorite Theorem",2025-06-07 12:43:31.729048
6,"Breaking Math Podcast",2025-06-07 12:43:31.729048
7,"Making Number Sense Make Sense: A Math Podcast for Early Elementary Teachers",2025-06-07 12:43:31.729048
8,"The Universe Speaks in Numbers",2025-06-07 12:43:31.729048
9,"Data Science Decoded",2025-06-07 12:43:31.729048
10,"Carry the Two",2025-06-07 12:43:31.729048
11,"SOA Podcasts - Society of Actuaries",2025-06-07 12:43:31.729048
12,"The Structural Engineering Podcast",2025-06-07 12:43:31.729048
13,"The Cartesian Cafe",2025-06-07 12:43:31.729048
